employee_id,employee_code,first_name,last_name,gender,date_of_birth,blood_group,marital_status,role,designation,qualification,specialization,employment_type,department_id,reporting_manager_id,years_of_experience,salary,hire_date,shift_type,employment_status,email,phone_number,emergency_contact_name,emergency_contact,emergency_contact_relation,created_by,updated_by,created_date,updated_date
1,EMP000001,Sanaya,Kalla,Male,1998-12-09,B+,Divorced,Admin,Executive,BBA,HR,Contract,11,\N,1,33337,2025-04-08,General,Active,sanaya.kalla1@apollohospital.com,9001338908,Emergency Contact,9386379402,Brother,System,System,2023-01-01,2025-01-01
2,EMP000002,Dayamai,Raj,Female,1983-03-07,A-,Married,Nurse,Nursing Supervisor,GNM,OT,Full-time,6,\N,9,56942,2017-06-04,Evening,Active,dayamai.raj2@apollohospital.com,9940781618,Emergency Contact,9495931034,Father,System,System,2023-01-01,2025-01-01
3,EMP000003,Logan,Lata,Male,1982-07-09,AB-,Single,Doctor,Consultant,MS,Pulmonology,Contract,8,\N,4,93716,2022-08-21,Night,Active,logan.lata3@apollohospital.com,9419283276,Emergency Contact,9483503056,Spouse,System,System,2023-01-01,2025-01-01
4,EMP000004,Vyanjana,Kota,Female,2000-10-23,O-,Married,Technician,Lab Technician,MMLT,CT Scan,Contract,9,\N,2,34770,2024-06-07,Evening,Active,vyanjana.kota4@apollohospital.com,9238849696,Emergency Contact,9532871012,Mother,System,System,2023-01-01,2025-01-01
5,EMP000005,Nachiket,Mani,Female,1978-02-13,O-,Divorced,Admin,Manager,B.Com,HR,Contract,3,\N,20,62572,2006-07-20,General,Active,nachiket.mani5@apollohospital.com,9845146270,Emergency Contact,9482814893,Mother,System,System,2023-01-01,2025-01-01
6,EMP000006,Yoshita,Dugar,Male,1982-03-18,AB-,Married,Admin,Manager,BBA,HR,Full-time,8,\N,25,72111,2001-09-01,General,Active,yoshita.dugar6@apollohospital.com,9430391171,Emergency Contact,9822782489,Brother,System,System,2023-01-01,2025-01-01
7,EMP000007,Hardik,Mannan,Female,1990-12-23,AB+,Married,Pharmacist,Senior Pharmacist,M.Pharm,Inventory,Contract,7,\N,9,59859,2017-04-23,Evening,Active,hardik.mannan7@apollohospital.com,9871331509,Emergency Contact,9839301031,Father,System,System,2023-01-01,2025-01-01
8,EMP000008,Saksham,Sehgal,Male,1984-09-08,O-,Single,Admin,Executive,MBA,Procurement,Full-time,6,\N,3,33490,2023-05-22,General,Active,saksham.sehgal8@apollohospital.com,9631165667,Emergency Contact,9010651333,Sister,System,System,2023-01-01,2025-01-01
9,EMP000009,Mohammed,Natarajan,Male,1968-07-06,B-,Single,Doctor,Consultant,DM,Neurology,Contract,5,\N,5,97414,2021-05-15,Night,Active,mohammed.natarajan9@apollohospital.com,9801326773,Emergency Contact,9602606474,Brother,System,System,2023-01-01,2025-01-01
10,EMP000010,Daksha,Pingle,Male,1968-03-07,A+,Divorced,Pharmacist,Pharmacy Manager,M.Pharm,Inventory,Contract,10,\N,32,107899,1994-05-07,Evening,Active,daksha.pingle10@apollohospital.com,9009788208,Emergency Contact,9121913619,Mother,System,System,2023-01-01,2025-01-01
11,EMP000011,Hritik,Apte,Female,1966-10-03,AB-,Married,Pharmacist,Pharmacist,D.Pharm,Inventory,Contract,11,\N,3,49467,2023-07-22,Evening,Active,hritik.apte11@apollohospital.com,9346247510,Emergency Contact,9799118384,Mother,System,System,2023-01-01,2025-01-01
12,EMP000012,Krisha,Sarna,Female,1983-04-12,O-,Divorced,Admin,Executive,B.Com,HR,Full-time,1,\N,3,36971,2023-05-06,General,Active,krisha.sarna12@apollohospital.com,9124118244,Emergency Contact,9935348740,Father,System,System,2023-01-01,2025-01-01
13,EMP000013,Devika,Chandra,Female,1969-05-02,B+,Divorced,Doctor,Head Consultant,MS,Orthopedics,Contract,7,\N,27,213072,1999-01-11,Evening,Active,devika.chandra13@apollohospital.com,9868011280,Emergency Contact,9598262045,Father,System,System,2023-01-01,2025-01-01
14,EMP000014,Januja,Karpe,Male,1981-11-08,AB-,Divorced,Pharmacist,Senior Pharmacist,B.Pharm,Inventory,Contract,7,\N,7,58539,2019-11-04,Morning,Active,januja.karpe14@apollohospital.com,9322602563,Emergency Contact,9421607337,Spouse,System,System,2023-01-01,2025-01-01
15,EMP000015,Patrick,Chakrabarti,Female,1984-04-01,O+,Married,Pharmacist,Senior Pharmacist,B.Pharm,Clinical Pharmacy,Full-time,11,\N,8,62520,2018-11-07,Evening,Active,patrick.chakrabarti15@apollohospital.com,9586850142,Emergency Contact,9940196556,Sister,System,System,2023-01-01,2025-01-01
16,EMP000016,Chandani,Dutta,Female,1973-07-19,A+,Divorced,Admin,Senior Executive,M.Com,HR,Full-time,6,\N,8,43259,2018-04-09,General,Active,chandani.dutta16@apollohospital.com,9561595148,Emergency Contact,9465648236,Brother,System,System,2023-01-01,2025-01-01
17,EMP000017,Gagan,Chadha,Female,1993-10-10,A+,Married,Nurse,Nursing Supervisor,B.Sc Nursing,Emergency,Contract,1,\N,10,55521,2016-07-18,Night,Active,gagan.chadha17@apollohospital.com,9957773872,Emergency Contact,9148951343,Mother,System,System,2023-01-01,2025-01-01
18,EMP000018,Tejas,Ramaswamy,Male,1994-01-08,A-,Married,Pharmacist,Pharmacist,B.Pharm,Inventory,Contract,8,\N,1,43915,2025-08-20,Morning,Active,tejas.ramaswamy18@apollohospital.com,9676320163,Emergency Contact,9287083172,Brother,System,System,2023-01-01,2025-01-01
19,EMP000019,Girindra,Vohra,Male,1971-08-20,O+,Divorced,Nurse,Chief Nursing Officer,B.Sc Nursing,Emergency,Contract,9,\N,21,80092,2005-12-17,Evening,Active,girindra.vohra19@apollohospital.com,9743487347,Emergency Contact,9143455812,Mother,System,System,2023-01-01,2025-01-01
20,EMP000020,Balvan,Raja,Female,1990-12-05,A-,Married,Nurse,Senior Nurse,B.Sc Nursing,OT,Contract,3,\N,7,50445,2019-12-07,Evening,Active,balvan.raja20@apollohospital.com,9603669096,Emergency Contact,9705466889,Mother,System,System,2023-01-01,2025-01-01
21,EMP000021,Ishita,Dhingra,Female,1973-05-14,O+,Married,Technician,Chief Technician,MMLT,CT Scan,Contract,7,\N,15,62932,2011-08-01,Morning,Active,ishita.dhingra21@apollohospital.com,9729806990,Emergency Contact,9162720465,Mother,System,System,2023-01-01,2025-01-01
22,EMP000022,Rudra,Reddy,Female,1976-06-25,O+,Married,Admin,Manager,BBA,Procurement,Contract,8,\N,21,58658,2005-07-09,General,Active,rudra.reddy22@apollohospital.com,9531003309,Emergency Contact,9232719374,Spouse,System,System,2023-01-01,2025-01-01
23,EMP000023,Balendra,Raj,Female,1994-10-24,B+,Married,Technician,Senior Technician,DMLT,Blood Bank,Contract,10,\N,10,48210,2016-12-04,Evening,Active,balendra.raj23@apollohospital.com,9966319314,Emergency Contact,9919058651,Sister,System,System,2023-01-01,2025-01-01
24,EMP000024,Varenya,Parikh,Male,1983-07-27,O+,Married,Nurse,Staff Nurse,M.Sc Nursing,Ward,Contract,4,\N,1,39794,2025-08-04,Morning,Active,varenya.parikh24@apollohospital.com,9628498776,Emergency Contact,9945314737,Sister,System,System,2023-01-01,2025-01-01
25,EMP000025,Urvashi,Raju,Male,1972-01-16,O-,Single,Doctor,Senior Consultant,MS,Pediatrics,Contract,8,\N,11,129788,2015-06-06,Evening,Active,urvashi.raju25@apollohospital.com,9948083136,Emergency Contact,9783777014,Mother,System,System,2023-01-01,2025-01-01
26,EMP000026,Gaurang,Jani,Male,1971-04-10,AB-,Married,Doctor,Head Consultant,MCh,Pulmonology,Full-time,11,\N,23,190485,2003-11-19,Night,Active,gaurang.jani26@apollohospital.com,9855744431,Emergency Contact,9351823374,Sister,System,System,2023-01-01,2025-01-01
27,EMP000027,Rajeshri,Parmer,Male,1971-02-27,B-,Married,Nurse,Chief Nursing Officer,GNM,OT,Contract,1,\N,19,70115,2007-04-10,Night,Active,rajeshri.parmer27@apollohospital.com,9824008427,Emergency Contact,9109477752,Father,System,System,2023-01-01,2025-01-01
28,EMP000028,Anusha,Kalla,Male,1988-02-27,O-,Single,Nurse,Chief Nursing Officer,M.Sc Nursing,ICU,Full-time,5,\N,16,65242,2010-02-13,Morning,Active,anusha.kalla28@apollohospital.com,9941318699,Emergency Contact,9938677496,Spouse,System,System,2023-01-01,2025-01-01
29,EMP000029,Laban,Wadhwa,Female,1993-12-04,B-,Married,Doctor,Consultant,MBBS,Orthopedics,Full-time,10,\N,5,98964,2021-04-21,Morning,Active,laban.wadhwa29@apollohospital.com,9812067974,Emergency Contact,9034471349,Mother,System,System,2023-01-01,2025-01-01
30,EMP000030,Rajeshri,Kant,Male,1977-09-08,AB+,Single,Nurse,Senior Nurse,GNM,ICU,Full-time,8,\N,4,41359,2022-11-05,Evening,Active,rajeshri.kant30@apollohospital.com,9994717464,Emergency Contact,9887719065,Sister,System,System,2023-01-01,2025-01-01
31,EMP000031,Kala,Misra,Male,1980-02-08,A+,Divorced,Doctor,Junior Resident,MS,Cardiology,Full-time,2,\N,1,83251,2025-11-27,Morning,Active,kala.misra31@apollohospital.com,9787429671,Emergency Contact,9756551256,Brother,System,System,2023-01-01,2025-01-01
32,EMP000032,Nisha,Samra,Male,1986-09-02,AB-,Married,Nurse,Nursing Supervisor,B.Sc Nursing,ICU,Full-time,6,\N,13,65947,2013-08-03,Evening,Active,nisha.samra32@apollohospital.com,9808760385,Emergency Contact,9977034824,Brother,System,System,2023-01-01,2025-01-01
33,EMP000033,Matthew,Randhawa,Female,1965-01-21,B-,Divorced,Doctor,Consultant,MD,Pediatrics,Full-time,3,\N,8,116512,2018-10-26,Morning,Active,matthew.randhawa33@apollohospital.com,9861317127,Emergency Contact,9484677378,Mother,System,System,2023-01-01,2025-01-01
34,EMP000034,Kashvi,Sarraf,Male,1979-10-17,A-,Married,Pharmacist,Senior Pharmacist,B.Pharm,Retail Pharmacy,Contract,10,\N,7,60053,2019-12-05,Evening,Active,kashvi.sarraf34@apollohospital.com,9044997278,Emergency Contact,9755886753,Mother,System,System,2023-01-01,2025-01-01
35,EMP000035,Yash,Patel,Female,1968-04-28,AB-,Divorced,Nurse,Chief Nursing Officer,B.Sc Nursing,Ward,Full-time,4,\N,25,85162,2001-07-02,Night,Active,yash.patel35@apollohospital.com,9270289517,Emergency Contact,9187026217,Spouse,System,System,2023-01-01,2025-01-01
36,EMP000036,Anirudh,Bhakta,Female,1983-12-13,AB-,Divorced,Technician,Chief Technician,MMLT,CT Scan,Full-time,1,\N,20,73816,2006-11-03,Evening,Active,anirudh.bhakta36@apollohospital.com,9780913431,Emergency Contact,9611724005,Father,System,System,2023-01-01,2025-01-01
37,EMP000037,Dhruv,Bava,Male,1986-06-14,O+,Divorced,Technician,Senior Technician,MMLT,Laboratory,Contract,11,\N,12,52992,2014-03-08,Morning,Active,dhruv.bava37@apollohospital.com,9196937923,Emergency Contact,9747407482,Father,System,System,2023-01-01,2025-01-01
38,EMP000038,Gaurangi,Agrawal,Female,1976-10-10,AB+,Married,Nurse,Nursing Supervisor,B.Sc Nursing,Emergency,Full-time,4,\N,12,59151,2014-11-14,Evening,Active,gaurangi.agrawal38@apollohospital.com,9136959440,Emergency Contact,9640909743,Sister,System,System,2023-01-01,2025-01-01
39,EMP000039,Tanish,Brar,Male,1982-11-07,B+,Divorced,Nurse,Senior Nurse,GNM,ICU,Full-time,1,\N,8,50530,2018-10-09,Evening,Active,tanish.brar39@apollohospital.com,9095214562,Emergency Contact,9328588424,Brother,System,System,2023-01-01,2025-01-01
40,EMP000040,Zaitra,Karpe,Male,1985-02-15,B-,Divorced,Pharmacist,Senior Pharmacist,M.Pharm,Inventory,Full-time,4,\N,11,64455,2015-02-05,Evening,Active,zaitra.karpe40@apollohospital.com,9160481754,Emergency Contact,9965137098,Spouse,System,System,2023-01-01,2025-01-01
41,EMP000041,Zaid,Kuruvilla,Female,1989-02-21,AB+,Divorced,Pharmacist,Senior Pharmacist,B.Pharm,Clinical Pharmacy,Full-time,3,\N,11,62345,2015-08-23,Morning,Active,zaid.kuruvilla41@apollohospital.com,9047113826,Emergency Contact,9758692617,Sister,System,System,2023-01-01,2025-01-01
42,EMP000042,Mugdha,Andra,Female,1979-01-23,O-,Married,Admin,Senior Executive,MBA,Operations,Contract,4,\N,9,41313,2017-06-07,General,Active,mugdha.andra42@apollohospital.com,9850643171,Emergency Contact,9390053293,Father,System,System,2023-01-01,2025-01-01
43,EMP000043,Zaid,Basu,Female,1970-10-07,B+,Divorced,Admin,Manager,BBA,Operations,Contract,2,\N,14,55032,2012-04-11,General,Active,zaid.basu43@apollohospital.com,9284210205,Emergency Contact,9395024026,Sister,System,System,2023-01-01,2025-01-01
44,EMP000044,Yadavi,Bath,Female,1996-08-15,A-,Married,Pharmacist,Pharmacist,M.Pharm,Clinical Pharmacy,Full-time,1,\N,2,49144,2024-06-17,Morning,Active,yadavi.bath44@apollohospital.com,9847007661,Emergency Contact,9771159212,Spouse,System,System,2023-01-01,2025-01-01
45,EMP000045,Harini,Choudhry,Male,1967-12-11,AB+,Married,Nurse,Chief Nursing Officer,M.Sc Nursing,NICU,Full-time,6,\N,36,107524,1990-07-20,Morning,Active,harini.choudhry45@apollohospital.com,9183673657,Emergency Contact,9661565452,Brother,System,System,2023-01-01,2025-01-01
46,EMP000046,Anthony,Sarraf,Female,2001-02-03,AB-,Single,Admin,Executive,BBA,Operations,Contract,7,\N,1,33988,2025-07-04,General,Active,anthony.sarraf46@apollohospital.com,9656049451,Emergency Contact,9983273158,Spouse,System,System,2023-01-01,2025-01-01
47,EMP000047,Harsh,Rattan,Male,1997-10-08,A+,Divorced,Technician,Lab Technician,MMLT,MRI,Full-time,4,\N,5,39237,2021-07-28,Morning,Active,harsh.rattan47@apollohospital.com,9445502296,Emergency Contact,9120183667,Spouse,System,System,2023-01-01,2025-01-01
48,EMP000048,Indrajit,Bawa,Female,1986-05-24,A-,Single,Doctor,Consultant,MD,Orthopedics,Contract,5,\N,6,108180,2020-06-25,Night,Active,indrajit.bawa48@apollohospital.com,9014767976,Emergency Contact,9438156149,Brother,System,System,2023-01-01,2025-01-01
49,EMP000049,Krishna,Prasad,Female,1970-01-08,A+,Single,Pharmacist,Pharmacy Manager,D.Pharm,Retail Pharmacy,Contract,11,\N,20,88744,2006-07-20,Morning,Active,krishna.prasad49@apollohospital.com,9244510762,Emergency Contact,9268388516,Father,System,System,2023-01-01,2025-01-01
50,EMP000050,Jason,Konda,Male,1978-08-03,O+,Divorced,Admin,Executive,M.Com,Procurement,Full-time,10,\N,1,30871,2025-06-19,General,Active,jason.konda50@apollohospital.com,9605297516,Emergency Contact,9136968164,Spouse,System,System,2023-01-01,2025-01-01
51,EMP000051,Vritti,Amble,Male,1982-03-03,A-,Divorced,Doctor,Senior Consultant,MCh,General Medicine,Contract,10,\N,11,134421,2015-09-21,Evening,Active,vritti.amble51@apollohospital.com,9523124329,Emergency Contact,9212779979,Sister,System,System,2023-01-01,2025-01-01
52,EMP000052,Krish,Luthra,Female,1983-06-05,O-,Married,Pharmacist,Pharmacy Manager,M.Pharm,Retail Pharmacy,Full-time,1,\N,21,89723,2005-08-03,Evening,Active,krish.luthra52@apollohospital.com,9905814770,Emergency Contact,9054119986,Brother,System,System,2023-01-01,2025-01-01
53,EMP000053,Amruta,Karpe,Female,1969-08-26,B-,Married,Technician,Lab Technician,MMLT,CT Scan,Contract,8,\N,3,39507,2023-10-21,Morning,Active,amruta.karpe53@apollohospital.com,9071518203,Emergency Contact,9778892554,Brother,System,System,2023-01-01,2025-01-01
54,EMP000054,Gagan,Chaudhuri,Female,1979-06-22,AB-,Single,Admin,Manager,B.Com,HR,Contract,7,\N,25,69070,2001-10-02,General,Active,gagan.chaudhuri54@apollohospital.com,9449251925,Emergency Contact,9462914865,Mother,System,System,2023-01-01,2025-01-01
55,EMP000055,Daksh,Gulati,Female,1971-11-22,AB-,Single,Nurse,Senior Nurse,B.Sc Nursing,OT,Contract,5,\N,6,45476,2020-07-17,Morning,Active,daksh.gulati55@apollohospital.com,9573322141,Emergency Contact,9888059296,Mother,System,System,2023-01-01,2025-01-01
56,EMP000056,Ekantika,Prabhu,Female,1993-12-25,B+,Divorced,Pharmacist,Pharmacist,B.Pharm,Clinical Pharmacy,Full-time,10,\N,3,46965,2023-10-26,Evening,Active,ekantika.prabhu56@apollohospital.com,9379473834,Emergency Contact,9735977468,Sister,System,System,2023-01-01,2025-01-01
57,EMP000057,Gayathri,Kala,Female,1970-04-26,AB+,Single,Doctor,Consultant,DM,Pulmonology,Full-time,3,\N,6,106542,2020-10-05,Morning,Active,gayathri.kala57@apollohospital.com,9814124782,Emergency Contact,9613750606,Sister,System,System,2023-01-01,2025-01-01
58,EMP000058,Shravya,Reddy,Male,1981-07-03,A+,Married,Technician,Senior Technician,DMLT,MRI,Full-time,10,\N,8,50882,2018-06-08,Morning,Active,shravya.reddy58@apollohospital.com,9204727790,Emergency Contact,9104328986,Father,System,System,2023-01-01,2025-01-01
59,EMP000059,David,Pau,Female,1987-05-04,O+,Divorced,Admin,Senior Executive,M.Com,HR,Full-time,4,\N,8,39908,2018-01-08,General,Active,david.pau59@apollohospital.com,9980893246,Emergency Contact,9095396218,Spouse,System,System,2023-01-01,2025-01-01
60,EMP000060,Tejas,Gole,Female,2000-09-17,A+,Married,Nurse,Senior Nurse,B.Sc Nursing,ICU,Contract,5,\N,5,47207,2021-09-18,Evening,Active,tejas.gole60@apollohospital.com,9540515319,Emergency Contact,9520585277,Mother,System,System,2023-01-01,2025-01-01
61,EMP000061,Chakrika,Singhal,Female,1988-12-25,AB+,Single,Doctor,Junior Resident,MBBS,General Medicine,Full-time,1,\N,2,89256,2024-08-02,Morning,Active,chakrika.singhal61@apollohospital.com,9548687403,Emergency Contact,9450541566,Brother,System,System,2023-01-01,2025-01-01
62,EMP000062,Faraj,Lall,Female,1980-03-16,AB-,Divorced,Nurse,Nursing Supervisor,B.Sc Nursing,ICU,Contract,6,\N,11,59956,2015-12-16,Evening,Active,faraj.lall62@apollohospital.com,9169284511,Emergency Contact,9544796275,Brother,System,System,2023-01-01,2025-01-01
63,EMP000063,George,Kakar,Female,2002-06-20,A+,Single,Nurse,Staff Nurse,M.Sc Nursing,Ward,Contract,3,\N,3,40976,2023-07-09,Night,Active,george.kakar63@apollohospital.com,9202970213,Emergency Contact,9556909275,Spouse,System,System,2023-01-01,2025-01-01
64,EMP000064,Jasmit,Solanki,Male,1975-02-19,AB-,Married,Pharmacist,Pharmacy Manager,B.Pharm,Inventory,Contract,1,\N,25,94283,2001-03-17,Morning,Active,jasmit.solanki64@apollohospital.com,9102786814,Emergency Contact,9473947312,Father,System,System,2023-01-01,2025-01-01
65,EMP000065,Yashawini,Mukherjee,Male,1977-12-15,AB-,Divorced,Admin,Senior Executive,B.Com,HR,Full-time,10,\N,6,40505,2020-02-26,General,Active,yashawini.mukherjee65@apollohospital.com,9422583132,Emergency Contact,9370589578,Mother,System,System,2023-01-01,2025-01-01
66,EMP000066,Chatura,Sur,Female,1999-05-13,O-,Divorced,Nurse,Staff Nurse,B.Sc Nursing,Ward,Full-time,5,\N,1,40744,2025-12-24,Night,Active,chatura.sur66@apollohospital.com,9125177852,Emergency Contact,9892268018,Mother,System,System,2023-01-01,2025-01-01
67,EMP000067,Arya,Ahuja,Male,1984-03-11,AB-,Divorced,Pharmacist,Senior Pharmacist,B.Pharm,Clinical Pharmacy,Contract,4,\N,6,52252,2020-12-08,Morning,Active,arya.ahuja67@apollohospital.com,9842498182,Emergency Contact,9992299590,Father,System,System,2023-01-01,2025-01-01
68,EMP000068,Udarsh,Lanka,Male,1999-11-25,B-,Divorced,Nurse,Staff Nurse,B.Sc Nursing,NICU,Contract,11,\N,1,39234,2025-10-09,Morning,Active,udarsh.lanka68@apollohospital.com,9784473647,Emergency Contact,9102767735,Sister,System,System,2023-01-01,2025-01-01
69,EMP000069,Nitesh,Sama,Male,1995-12-11,AB-,Married,Technician,Senior Technician,DMLT,MRI,Contract,8,\N,6,45018,2020-12-28,Morning,Active,nitesh.sama69@apollohospital.com,9537147321,Emergency Contact,9046963259,Spouse,System,System,2023-01-01,2025-01-01
70,EMP000070,Kevin,Pradhan,Female,1984-03-16,O-,Married,Doctor,Senior Consultant,DM,Cardiology,Contract,2,\N,13,137737,2013-09-15,Evening,Active,kevin.pradhan70@apollohospital.com,9873395004,Emergency Contact,9797480162,Spouse,System,System,2023-01-01,2025-01-01
71,EMP000071,Saumya,Som,Female,1982-07-12,A+,Divorced,Admin,Manager,MBA,Operations,Contract,4,\N,25,69032,2001-01-13,General,Active,saumya.som71@apollohospital.com,9168784991,Emergency Contact,9216558523,Sister,System,System,2023-01-01,2025-01-01
72,EMP000072,Atharv,Malhotra,Female,1973-09-02,B+,Divorced,Admin,Manager,B.Com,Procurement,Full-time,10,\N,26,70254,2000-01-02,General,Active,atharv.malhotra72@apollohospital.com,9298259526,Emergency Contact,9949588879,Spouse,System,System,2023-01-01,2025-01-01
73,EMP000073,Ekiya,Som,Female,1966-06-11,O+,Divorced,Doctor,Junior Resident,MS,Cardiology,Contract,8,\N,2,86889,2024-11-04,Evening,Active,ekiya.som73@apollohospital.com,9499309728,Emergency Contact,9962309130,Brother,System,System,2023-01-01,2025-01-01
74,EMP000074,Saksham,Rai,Male,1976-03-14,O+,Divorced,Doctor,Senior Consultant,MCh,Oncology,Contract,5,\N,14,149150,2012-12-07,Night,Active,saksham.rai74@apollohospital.com,9028385786,Emergency Contact,9527858549,Brother,System,System,2023-01-01,2025-01-01
75,EMP000075,Varsha,Sankar,Female,1984-05-18,AB+,Married,Doctor,Consultant,MD,Oncology,Contract,9,\N,4,94597,2022-05-08,Evening,Active,varsha.sankar75@apollohospital.com,9584419866,Emergency Contact,9524041574,Brother,System,System,2023-01-01,2025-01-01
76,EMP000076,Vedhika,Rout,Female,1990-09-09,AB+,Single,Pharmacist,Pharmacist,D.Pharm,Inventory,Contract,10,\N,4,51869,2022-09-23,Morning,Active,vedhika.rout76@apollohospital.com,9308330165,Emergency Contact,9712082677,Mother,System,System,2023-01-01,2025-01-01
77,EMP000077,Lekha,Sarin,Female,1978-05-21,A-,Divorced,Doctor,Senior Consultant,MCh,General Medicine,Full-time,2,\N,11,131383,2015-01-25,Night,Active,lekha.sarin77@apollohospital.com,9026206724,Emergency Contact,9004991547,Sister,System,System,2023-01-01,2025-01-01
78,EMP000078,Kala,Nath,Female,1972-03-28,AB+,Single,Admin,Manager,BBA,Operations,Full-time,8,\N,32,76331,1994-09-15,General,Active,kala.nath78@apollohospital.com,9420549329,Emergency Contact,9668516122,Brother,System,System,2023-01-01,2025-01-01
79,EMP000079,Omisha,Modi,Female,1985-01-09,O-,Married,Admin,Senior Executive,B.Com,Operations,Contract,3,\N,8,43771,2018-07-08,General,Active,omisha.modi79@apollohospital.com,9453017426,Emergency Contact,9841459332,Brother,System,System,2023-01-01,2025-01-01
80,EMP000080,Eesha,Bhalla,Female,1995-12-20,O-,Divorced,Nurse,Senior Nurse,M.Sc Nursing,Emergency,Contract,9,\N,8,54241,2018-06-14,Morning,Active,eesha.bhalla80@apollohospital.com,9918785191,Emergency Contact,9088398225,Sister,System,System,2023-01-01,2025-01-01
81,EMP000081,Yashoda,Batra,Female,1976-11-07,O-,Single,Technician,Lab Technician,MMLT,CT Scan,Contract,8,\N,4,43824,2022-12-19,Morning,Active,yashoda.batra81@apollohospital.com,9728679087,Emergency Contact,9406403910,Brother,System,System,2023-01-01,2025-01-01
82,EMP000082,Amara,Chakrabarti,Female,1974-02-18,O-,Single,Doctor,Head Consultant,MS,Radiology,Full-time,7,\N,23,188474,2003-01-03,Morning,Active,amara.chakrabarti82@apollohospital.com,9656766182,Emergency Contact,9512868230,Father,System,System,2023-01-01,2025-01-01
83,EMP000083,Ranveer,Dani,Female,1984-11-24,O+,Single,Pharmacist,Pharmacy Manager,D.Pharm,Retail Pharmacy,Full-time,11,\N,15,72835,2011-09-14,Morning,Active,ranveer.dani83@apollohospital.com,9431069033,Emergency Contact,9119079030,Brother,System,System,2023-01-01,2025-01-01
84,EMP000084,Lohit,Tak,Female,1975-09-07,AB+,Single,Pharmacist,Senior Pharmacist,M.Pharm,Inventory,Full-time,1,\N,8,57212,2018-01-05,Evening,Active,lohit.tak84@apollohospital.com,9342836440,Emergency Contact,9892687056,Sister,System,System,2023-01-01,2025-01-01
85,EMP000085,Gunbir,Goel,Female,1985-07-14,O+,Single,Admin,Manager,M.Com,Finance,Full-time,10,\N,23,68457,2003-03-10,General,Active,gunbir.goel85@apollohospital.com,9427086688,Emergency Contact,9263435175,Father,System,System,2023-01-01,2025-01-01
86,EMP000086,Nathaniel,Dass,Male,1969-01-09,A+,Single,Pharmacist,Pharmacy Manager,D.Pharm,Inventory,Contract,11,\N,13,71533,2013-07-22,Morning,Active,nathaniel.dass86@apollohospital.com,9735403317,Emergency Contact,9393638546,Brother,System,System,2023-01-01,2025-01-01
87,EMP000087,Riya,Borde,Male,1970-05-09,O-,Married,Nurse,Chief Nursing Officer,GNM,Ward,Contract,10,\N,23,84239,2003-06-17,Evening,Active,riya.borde87@apollohospital.com,9355609320,Emergency Contact,9489964235,Mother,System,System,2023-01-01,2025-01-01
88,EMP000088,Arunima,Mohan,Female,1980-04-16,AB-,Married,Technician,Chief Technician,BMLT,CT Scan,Full-time,7,\N,19,67975,2007-09-21,Morning,Active,arunima.mohan88@apollohospital.com,9522872808,Emergency Contact,9010062312,Father,System,System,2023-01-01,2025-01-01
89,EMP000089,Chatura,Rege,Male,1991-08-12,O-,Divorced,Technician,Senior Technician,BMLT,Radiology,Contract,6,\N,9,46254,2017-01-20,Evening,Active,chatura.rege89@apollohospital.com,9008484086,Emergency Contact,9211823398,Spouse,System,System,2023-01-01,2025-01-01
90,EMP000090,Indira,Varma,Female,1981-07-03,O-,Divorced,Pharmacist,Senior Pharmacist,D.Pharm,Inventory,Full-time,2,\N,9,58650,2017-06-13,Evening,Active,indira.varma90@apollohospital.com,9101666870,Emergency Contact,9021765918,Father,System,System,2023-01-01,2025-01-01
91,EMP000091,Gavin,De,Male,1991-12-19,A+,Single,Admin,Senior Executive,B.Com,HR,Contract,8,\N,7,38969,2019-08-09,General,Active,gavin.de91@apollohospital.com,9039261429,Emergency Contact,9396856218,Spouse,System,System,2023-01-01,2025-01-01
92,EMP000092,Harita,Seth,Female,1993-07-08,O+,Married,Doctor,Junior Resident,MBBS,Pediatrics,Contract,11,\N,1,83418,2025-02-11,Evening,Active,harita.seth92@apollohospital.com,9735866296,Emergency Contact,9194311426,Mother,System,System,2023-01-01,2025-01-01
93,EMP000093,Adya,Tripathi,Female,1979-06-04,AB+,Married,Pharmacist,Senior Pharmacist,B.Pharm,Retail Pharmacy,Contract,9,\N,11,62037,2015-02-01,Morning,Active,adya.tripathi93@apollohospital.com,9126788861,Emergency Contact,9015819956,Father,System,System,2023-01-01,2025-01-01
94,EMP000094,Panini,Narayan,Female,1986-07-25,B-,Divorced,Technician,Chief Technician,MMLT,Laboratory,Contract,1,\N,14,60814,2012-02-24,Evening,Active,panini.narayan94@apollohospital.com,9224447212,Emergency Contact,9646471543,Brother,System,System,2023-01-01,2025-01-01
95,EMP000095,Chaitaly,Hayre,Male,1966-08-04,A+,Married,Nurse,Nursing Supervisor,B.Sc Nursing,NICU,Contract,6,\N,13,61112,2013-03-10,Evening,Active,chaitaly.hayre95@apollohospital.com,9756924593,Emergency Contact,9752654793,Spouse,System,System,2023-01-01,2025-01-01
96,EMP000096,Daksh,Bava,Female,1972-07-12,B-,Divorced,Doctor,Senior Consultant,MCh,Orthopedics,Contract,2,\N,9,122584,2017-02-19,Night,Active,daksh.bava96@apollohospital.com,9073741672,Emergency Contact,9434266179,Brother,System,System,2023-01-01,2025-01-01
97,EMP000097,Wyatt,Anand,Male,1979-09-28,A+,Married,Technician,Chief Technician,MMLT,Blood Bank,Full-time,5,\N,18,67264,2008-12-14,Morning,Active,wyatt.anand97@apollohospital.com,9135290965,Emergency Contact,9610143888,Sister,System,System,2023-01-01,2025-01-01
98,EMP000098,Ubika,Nadig,Female,1967-08-12,B+,Married,Pharmacist,Pharmacy Manager,D.Pharm,Retail Pharmacy,Contract,1,\N,15,70856,2011-07-15,Evening,Active,ubika.nadig98@apollohospital.com,9611254573,Emergency Contact,9875717751,Spouse,System,System,2023-01-01,2025-01-01
99,EMP000099,Darika,Mallick,Male,2002-02-01,A-,Divorced,Nurse,Staff Nurse,GNM,Emergency,Full-time,6,\N,3,42227,2023-06-21,Morning,Active,darika.mallick99@apollohospital.com,9825867362,Emergency Contact,9266093796,Brother,System,System,2023-01-01,2025-01-01
100,EMP000100,Harita,Cherian,Male,2005-04-07,A-,Divorced,Admin,Executive,BBA,Finance,Full-time,5,\N,3,34496,2023-05-25,General,Active,harita.cherian100@apollohospital.com,9371478596,Emergency Contact,9969155792,Spouse,System,System,2023-01-01,2025-01-01
101,EMP000101,Tanish,Kale,Female,1967-11-05,B-,Married,Nurse,Senior Nurse,GNM,Emergency,Contract,4,\N,6,47058,2020-06-04,Night,Active,tanish.kale101@apollohospital.com,9286692966,Emergency Contact,9278282742,Mother,System,System,2023-01-01,2025-01-01
102,EMP000102,Eesha,Naidu,Female,1983-10-02,O-,Single,Pharmacist,Pharmacy Manager,D.Pharm,Retail Pharmacy,Contract,7,\N,15,77895,2011-06-01,Evening,Active,eesha.naidu102@apollohospital.com,9676772190,Emergency Contact,9340438427,Sister,System,System,2023-01-01,2025-01-01
103,EMP000103,Avi,Sinha,Female,1974-02-19,AB-,Divorced,Admin,Manager,BBA,Procurement,Full-time,3,\N,33,80975,1993-02-09,General,Active,avi.sinha103@apollohospital.com,9613407451,Emergency Contact,9713395962,Sister,System,System,2023-01-01,2025-01-01
104,EMP000104,Falan,Sachdev,Male,1995-04-26,AB-,Divorced,Pharmacist,Pharmacist,B.Pharm,Inventory,Contract,1,\N,4,50213,2022-01-19,Morning,Active,falan.sachdev104@apollohospital.com,9544948126,Emergency Contact,9042232536,Brother,System,System,2023-01-01,2025-01-01
105,EMP000105,Bahadurjit,Bhakta,Female,1995-11-09,O+,Married,Technician,Senior Technician,DMLT,Radiology,Contract,2,\N,10,51300,2016-11-14,Evening,Active,bahadurjit.bhakta105@apollohospital.com,9577590175,Emergency Contact,9186363745,Spouse,System,System,2023-01-01,2025-01-01
106,EMP000106,Neha,Sane,Female,1983-10-05,O-,Married,Nurse,Chief Nursing Officer,M.Sc Nursing,ICU,Full-time,2,\N,18,68376,2008-10-28,Morning,Active,neha.sane106@apollohospital.com,9701277063,Emergency Contact,9242415415,Mother,System,System,2023-01-01,2025-01-01
107,EMP000107,Imaran,Dora,Female,1993-11-10,B-,Married,Doctor,Consultant,MBBS,Neurology,Full-time,5,\N,4,92008,2022-12-23,Morning,Active,imaran.dora107@apollohospital.com,9712938700,Emergency Contact,9516271361,Father,System,System,2023-01-01,2025-01-01
108,EMP000108,Janya,Agate,Female,1998-06-10,B+,Divorced,Nurse,Staff Nurse,M.Sc Nursing,Emergency,Full-time,7,\N,3,38560,2023-03-13,Night,Active,janya.agate108@apollohospital.com,9909275326,Emergency Contact,9973112196,Spouse,System,System,2023-01-01,2025-01-01
109,EMP000109,Ishanvi,Malhotra,Male,1977-03-08,A-,Single,Nurse,Nursing Supervisor,M.Sc Nursing,NICU,Contract,10,\N,11,58915,2015-05-21,Night,Active,ishanvi.malhotra109@apollohospital.com,9940438983,Emergency Contact,9640376137,Sister,System,System,2023-01-01,2025-01-01
110,EMP000110,Mekhala,Bawa,Male,1992-01-12,O+,Divorced,Doctor,Consultant,DM,Pulmonology,Contract,2,\N,5,101475,2021-06-05,Night,Active,mekhala.bawa110@apollohospital.com,9271091043,Emergency Contact,9006848666,Father,System,System,2023-01-01,2025-01-01
111,EMP000111,Chanchal,Agate,Male,1970-10-05,AB+,Single,Nurse,Chief Nursing Officer,M.Sc Nursing,Emergency,Contract,9,\N,35,109981,1991-05-03,Morning,Active,chanchal.agate111@apollohospital.com,9856914630,Emergency Contact,9316179904,Mother,System,System,2023-01-01,2025-01-01
112,EMP000112,Inaya,Kohli,Male,1997-12-05,B+,Married,Nurse,Staff Nurse,B.Sc Nursing,NICU,Full-time,7,\N,1,38237,2025-12-01,Night,Active,inaya.kohli112@apollohospital.com,9425241056,Emergency Contact,9481491778,Spouse,System,System,2023-01-01,2025-01-01
113,EMP000113,Chakradhar,Panchal,Male,2001-10-06,AB+,Single,Technician,Lab Technician,MMLT,Radiology,Full-time,3,\N,4,39071,2022-06-06,Morning,Active,chakradhar.panchal113@apollohospital.com,9003075622,Emergency Contact,9086353654,Father,System,System,2023-01-01,2025-01-01
114,EMP000114,Aahana,Raja,Male,1968-02-17,B+,Single,Technician,Chief Technician,MMLT,Radiology,Contract,10,\N,24,81015,2002-11-02,Evening,Active,aahana.raja114@apollohospital.com,9174451870,Emergency Contact,9534949375,Sister,System,System,2023-01-01,2025-01-01
115,EMP000115,Raghav,Acharya,Female,1973-12-18,A+,Married,Nurse,Nursing Supervisor,GNM,Emergency,Contract,9,\N,13,62436,2013-04-05,Evening,Active,raghav.acharya115@apollohospital.com,9050641383,Emergency Contact,9670241038,Brother,System,System,2023-01-01,2025-01-01
116,EMP000116,Ekanta,Mitra,Female,1982-12-03,B+,Divorced,Admin,Manager,M.Com,HR,Full-time,2,\N,15,54348,2011-10-04,General,Active,ekanta.mitra116@apollohospital.com,9623445655,Emergency Contact,9743132912,Father,System,System,2023-01-01,2025-01-01
117,EMP000117,Bimala,Tella,Female,1986-08-11,AB-,Single,Doctor,Consultant,DM,Pediatrics,Contract,1,\N,8,115795,2018-07-04,Evening,Active,bimala.tella117@apollohospital.com,9112490352,Emergency Contact,9135680442,Father,System,System,2023-01-01,2025-01-01
118,EMP000118,Nakul,Dubey,Female,1979-09-24,A-,Married,Nurse,Nursing Supervisor,GNM,Emergency,Full-time,5,\N,15,62994,2011-09-08,Morning,Active,nakul.dubey118@apollohospital.com,9032365199,Emergency Contact,9410137215,Father,System,System,2023-01-01,2025-01-01
119,EMP000119,Januja,Sagar,Male,2002-01-06,O+,Married,Nurse,Staff Nurse,GNM,Ward,Contract,7,\N,2,41596,2024-10-14,Evening,Active,januja.sagar119@apollohospital.com,9253244720,Emergency Contact,9999347687,Father,System,System,2023-01-01,2025-01-01
120,EMP000120,Brijesh,Kalla,Male,1991-07-05,B-,Divorced,Doctor,Consultant,MCh,Cardiology,Full-time,6,\N,5,100133,2021-07-07,Night,Active,brijesh.kalla120@apollohospital.com,9578759856,Emergency Contact,9420593040,Brother,System,System,2023-01-01,2025-01-01
121,EMP000121,Saanvi,Bhatti,Male,1970-10-08,B-,Divorced,Pharmacist,Pharmacy Manager,D.Pharm,Retail Pharmacy,Contract,1,\N,23,91971,2003-03-04,Morning,Active,saanvi.bhatti121@apollohospital.com,9396522395,Emergency Contact,9590599293,Brother,System,System,2023-01-01,2025-01-01
122,EMP000122,Vasudha,Apte,Male,1969-03-16,A+,Single,Pharmacist,Pharmacy Manager,M.Pharm,Clinical Pharmacy,Contract,8,\N,20,81163,2006-01-03,Evening,Active,vasudha.apte122@apollohospital.com,9059325250,Emergency Contact,9029218515,Brother,System,System,2023-01-01,2025-01-01
123,EMP000123,Ranveer,Buch,Female,1998-05-11,O+,Divorced,Technician,Senior Technician,BMLT,MRI,Full-time,8,\N,6,42227,2020-03-06,Evening,Active,ranveer.buch123@apollohospital.com,9392644220,Emergency Contact,9969029593,Sister,System,System,2023-01-01,2025-01-01
124,EMP000124,Abha,Din,Male,1999-03-11,B-,Married,Admin,Senior Executive,B.Com,Finance,Contract,3,\N,8,44211,2018-12-03,General,Active,abha.din124@apollohospital.com,9570433154,Emergency Contact,9100676267,Brother,System,System,2023-01-01,2025-01-01
125,EMP000125,Barkha,Walla,Male,1981-07-04,B-,Single,Pharmacist,Pharmacy Manager,B.Pharm,Clinical Pharmacy,Contract,8,\N,18,83147,2008-08-26,Morning,Active,barkha.walla125@apollohospital.com,9405411526,Emergency Contact,9218159970,Brother,System,System,2023-01-01,2025-01-01
126,EMP000126,Patrick,Sama,Female,1994-07-06,AB-,Single,Nurse,Nursing Supervisor,GNM,Ward,Full-time,8,\N,10,57711,2016-01-04,Night,Active,patrick.sama126@apollohospital.com,9844431069,Emergency Contact,9872050614,Sister,System,System,2023-01-01,2025-01-01
127,EMP000127,Aarush,Tak,Male,1975-02-01,AB+,Single,Admin,Manager,M.Com,HR,Contract,11,\N,13,49026,2013-04-06,General,Active,aarush.tak127@apollohospital.com,9774186256,Emergency Contact,9527047743,Spouse,System,System,2023-01-01,2025-01-01
128,EMP000128,Ekapad,Chad,Female,1993-12-22,AB-,Divorced,Doctor,Junior Resident,DM,General Medicine,Contract,11,\N,2,86535,2024-02-03,Morning,Active,ekapad.chad128@apollohospital.com,9686879374,Emergency Contact,9160898992,Father,System,System,2023-01-01,2025-01-01
129,EMP000129,Ganga,Patla,Female,1976-03-07,A+,Married,Nurse,Senior Nurse,GNM,Ward,Contract,6,\N,6,45654,2020-04-05,Night,Active,ganga.patla129@apollohospital.com,9294511686,Emergency Contact,9854870998,Brother,System,System,2023-01-01,2025-01-01
130,EMP000130,Anjali,Chawla,Male,1997-03-05,A-,Single,Nurse,Senior Nurse,M.Sc Nursing,ICU,Contract,7,\N,7,52436,2019-10-19,Evening,Active,anjali.chawla130@apollohospital.com,9856467997,Emergency Contact,9024629960,Brother,System,System,2023-01-01,2025-01-01
131,EMP000131,Reva,Yohannan,Female,1982-01-24,AB-,Single,Pharmacist,Senior Pharmacist,B.Pharm,Retail Pharmacy,Full-time,1,\N,8,57147,2018-08-09,Evening,Active,reva.yohannan131@apollohospital.com,9713247546,Emergency Contact,9913736785,Father,System,System,2023-01-01,2025-01-01
132,EMP000132,Ekapad,Palla,Female,1973-02-10,O+,Single,Admin,Senior Executive,BBA,Finance,Contract,10,\N,11,45079,2015-12-17,General,Active,ekapad.palla132@apollohospital.com,9030705345,Emergency Contact,9786103579,Brother,System,System,2023-01-01,2025-01-01
133,EMP000133,Rehaan,Morar,Male,1993-10-18,B+,Married,Nurse,Senior Nurse,M.Sc Nursing,ICU,Full-time,2,\N,8,50335,2018-06-12,Morning,Active,rehaan.morar133@apollohospital.com,9602933334,Emergency Contact,9680072290,Mother,System,System,2023-01-01,2025-01-01
134,EMP000134,Tristan,Guha,Male,1987-12-23,O+,Married,Pharmacist,Senior Pharmacist,B.Pharm,Retail Pharmacy,Contract,11,\N,10,61064,2016-11-09,Morning,Active,tristan.guha134@apollohospital.com,9748969108,Emergency Contact,9589944171,Spouse,System,System,2023-01-01,2025-01-01
135,EMP000135,Lakshit,Mallick,Female,1988-05-09,AB+,Single,Admin,Senior Executive,MBA,Finance,Contract,1,\N,11,50870,2015-11-23,General,Active,lakshit.mallick135@apollohospital.com,9965207446,Emergency Contact,9660993538,Brother,System,System,2023-01-01,2025-01-01
136,EMP000136,Harita,Lalla,Female,1982-05-28,B+,Married,Technician,Chief Technician,DMLT,CT Scan,Contract,7,\N,17,61648,2009-03-27,Evening,Active,harita.lalla136@apollohospital.com,9825135346,Emergency Contact,9554947170,Sister,System,System,2023-01-01,2025-01-01
137,EMP000137,Siya,Venkatesh,Male,2000-04-17,O+,Divorced,Technician,Lab Technician,BMLT,CT Scan,Full-time,11,\N,4,37642,2022-02-28,Morning,Active,siya.venkatesh137@apollohospital.com,9235697252,Emergency Contact,9175250074,Mother,System,System,2023-01-01,2025-01-01
138,EMP000138,Jagdish,Merchant,Male,1994-03-16,O+,Divorced,Technician,Senior Technician,BMLT,CT Scan,Full-time,9,\N,10,51514,2016-02-05,Evening,Active,jagdish.merchant138@apollohospital.com,9600835058,Emergency Contact,9300335421,Brother,System,System,2023-01-01,2025-01-01
139,EMP000139,Dipta,Mani,Male,1972-03-03,AB+,Married,Nurse,Chief Nursing Officer,M.Sc Nursing,NICU,Contract,9,\N,20,76885,2006-01-10,Night,Active,dipta.mani139@apollohospital.com,9562575326,Emergency Contact,9033230982,Father,System,System,2023-01-01,2025-01-01
140,EMP000140,Zinal,Dash,Male,1981-11-26,AB+,Divorced,Technician,Chief Technician,MMLT,Radiology,Full-time,10,\N,23,76265,2003-01-13,Morning,Active,zinal.dash140@apollohospital.com,9100167618,Emergency Contact,9472304618,Spouse,System,System,2023-01-01,2025-01-01
141,EMP000141,Samarth,De,Female,1997-02-17,A-,Married,Admin,Senior Executive,BBA,HR,Contract,2,\N,7,41577,2019-12-20,General,Active,samarth.de141@apollohospital.com,9934835642,Emergency Contact,9087375300,Father,System,System,2023-01-01,2025-01-01
142,EMP000142,Aishani,Chowdhury,Male,1997-03-03,A-,Married,Technician,Senior Technician,MMLT,Laboratory,Contract,2,\N,8,48141,2018-09-03,Evening,Active,aishani.chowdhury142@apollohospital.com,9470120455,Emergency Contact,9611002255,Brother,System,System,2023-01-01,2025-01-01
143,EMP000143,Peter,Dutt,Female,1987-06-27,A-,Married,Nurse,Staff Nurse,B.Sc Nursing,Ward,Full-time,10,\N,3,40226,2023-06-06,Evening,Active,peter.dutt143@apollohospital.com,9762120216,Emergency Contact,9979729659,Father,System,System,2023-01-01,2025-01-01
144,EMP000144,Madhavi,Deshpande,Female,1996-08-04,A+,Single,Nurse,Senior Nurse,B.Sc Nursing,OT,Contract,3,\N,8,48101,2018-07-15,Night,Active,madhavi.deshpande144@apollohospital.com,9899358891,Emergency Contact,9637562890,Father,System,System,2023-01-01,2025-01-01
145,EMP000145,Eiravati,Parmar,Female,1986-08-28,B+,Single,Doctor,Senior Consultant,DM,Pulmonology,Contract,8,\N,9,118973,2017-08-28,Evening,Active,eiravati.parmar145@apollohospital.com,9408386631,Emergency Contact,9779717751,Brother,System,System,2023-01-01,2025-01-01
146,EMP000146,Barkha,Yohannan,Male,2003-07-14,A+,Single,Nurse,Staff Nurse,M.Sc Nursing,NICU,Contract,11,\N,1,39222,2025-01-18,Evening,Active,barkha.yohannan146@apollohospital.com,9883755037,Emergency Contact,9589975711,Mother,System,System,2023-01-01,2025-01-01
147,EMP000147,Gautam,Din,Female,2003-06-27,AB+,Divorced,Pharmacist,Pharmacist,M.Pharm,Retail Pharmacy,Contract,10,\N,1,44951,2025-11-26,Morning,Active,gautam.din147@apollohospital.com,9027261493,Emergency Contact,9316373516,Father,System,System,2023-01-01,2025-01-01
148,EMP000148,Gunbir,Raja,Female,1967-08-15,B+,Married,Nurse,Senior Nurse,GNM,NICU,Contract,11,\N,8,54031,2018-11-19,Morning,Active,gunbir.raja148@apollohospital.com,9869782922,Emergency Contact,9169958669,Mother,System,System,2023-01-01,2025-01-01
149,EMP000149,Gabriel,Shenoy,Female,1986-06-10,B+,Single,Pharmacist,Pharmacy Manager,B.Pharm,Inventory,Contract,10,\N,13,71334,2013-08-26,Evening,Active,gabriel.shenoy149@apollohospital.com,9858333945,Emergency Contact,9228851587,Sister,System,System,2023-01-01,2025-01-01
150,EMP000150,Kavya,Mukhopadhyay,Male,1967-11-24,O+,Single,Pharmacist,Pharmacy Manager,M.Pharm,Clinical Pharmacy,Full-time,10,\N,27,96607,1999-09-10,Evening,Active,kavya.mukhopadhyay150@apollohospital.com,9200342442,Emergency Contact,9043805719,Sister,System,System,2023-01-01,2025-01-01
151,EMP000151,Hamsini,Bhatti,Male,1982-04-17,A+,Married,Doctor,Senior Consultant,DM,Radiology,Full-time,8,\N,13,144837,2013-12-10,Night,Active,hamsini.bhatti151@apollohospital.com,9580043973,Emergency Contact,9598933472,Father,System,System,2023-01-01,2025-01-01
152,EMP000152,Arjun,Parmar,Male,1985-12-17,A+,Married,Doctor,Junior Resident,MS,Pediatrics,Full-time,10,\N,3,88065,2023-02-13,Morning,Active,arjun.parmar152@apollohospital.com,9940572025,Emergency Contact,9909479851,Spouse,System,System,2023-01-01,2025-01-01
153,EMP000153,Yashawini,Ramanathan,Female,1972-03-17,B+,Married,Admin,Manager,M.Com,HR,Full-time,7,\N,15,52362,2011-02-26,General,Active,yashawini.ramanathan153@apollohospital.com,9355543987,Emergency Contact,9801573993,Father,System,System,2023-01-01,2025-01-01
154,EMP000154,Kalpit,Nadig,Male,1985-02-13,AB+,Single,Admin,Manager,B.Com,Procurement,Full-time,6,\N,13,50487,2013-05-18,General,Active,kalpit.nadig154@apollohospital.com,9435811288,Emergency Contact,9013361386,Father,System,System,2023-01-01,2025-01-01
155,EMP000155,Gauri,Buch,Female,1995-08-23,A-,Single,Nurse,Staff Nurse,GNM,Emergency,Full-time,9,\N,1,40506,2025-06-02,Evening,Active,gauri.buch155@apollohospital.com,9819346676,Emergency Contact,9650618091,Sister,System,System,2023-01-01,2025-01-01
156,EMP000156,Rehaan,Tak,Male,2002-06-17,AB+,Divorced,Technician,Lab Technician,DMLT,MRI,Full-time,6,\N,1,38069,2025-02-10,Evening,Active,rehaan.tak156@apollohospital.com,9660728326,Emergency Contact,9842450882,Father,System,System,2023-01-01,2025-01-01
157,EMP000157,Anya,Mitra,Female,1994-10-20,A-,Married,Doctor,Junior Resident,MD,Pulmonology,Full-time,3,\N,1,78734,2025-07-18,Evening,Active,anya.mitra157@apollohospital.com,9822239431,Emergency Contact,9290878141,Spouse,System,System,2023-01-01,2025-01-01
158,EMP000158,Krishna,Sathe,Female,1998-12-19,AB-,Single,Technician,Lab Technician,MMLT,Laboratory,Contract,7,\N,4,38019,2022-08-11,Evening,Active,krishna.sathe158@apollohospital.com,9913577594,Emergency Contact,9929955620,Spouse,System,System,2023-01-01,2025-01-01
159,EMP000159,Ikbal,Sunder,Male,1989-12-24,AB+,Married,Nurse,Senior Nurse,GNM,OT,Full-time,6,\N,8,55191,2018-11-14,Evening,Active,ikbal.sunder159@apollohospital.com,9775478129,Emergency Contact,9142834110,Sister,System,System,2023-01-01,2025-01-01
160,EMP000160,Ekansh,Konda,Male,2003-10-07,AB+,Divorced,Nurse,Staff Nurse,M.Sc Nursing,Ward,Full-time,7,\N,2,41356,2024-01-18,Morning,Active,ekansh.konda160@apollohospital.com,9563942788,Emergency Contact,9165803928,Mother,System,System,2023-01-01,2025-01-01
161,EMP000161,Bhavini,Chand,Male,1977-03-19,B+,Divorced,Admin,Senior Executive,M.Com,Operations,Contract,10,\N,6,36331,2020-10-22,General,Active,bhavini.chand161@apollohospital.com,9731453038,Emergency Contact,9567700518,Spouse,System,System,2023-01-01,2025-01-01
162,EMP000162,Meghana,Pillay,Female,1987-07-21,A-,Divorced,Pharmacist,Senior Pharmacist,B.Pharm,Retail Pharmacy,Contract,9,\N,6,58168,2020-07-12,Morning,Active,meghana.pillay162@apollohospital.com,9865577908,Emergency Contact,9272318432,Mother,System,System,2023-01-01,2025-01-01
163,EMP000163,Wahab,Dutta,Male,1995-10-23,B-,Married,Admin,Senior Executive,B.Com,HR,Full-time,1,\N,6,39944,2020-02-22,General,Active,wahab.dutta163@apollohospital.com,9739260302,Emergency Contact,9992280920,Mother,System,System,2023-01-01,2025-01-01
164,EMP000164,Gautami,Murty,Male,1988-09-13,A+,Divorced,Nurse,Senior Nurse,M.Sc Nursing,OT,Full-time,8,\N,6,51759,2020-10-19,Morning,Active,gautami.murty164@apollohospital.com,9379772369,Emergency Contact,9292984257,Sister,System,System,2023-01-01,2025-01-01
165,EMP000165,Brinda,Gade,Male,1992-07-13,A+,Single,Doctor,Junior Resident,MCh,Radiology,Contract,1,\N,2,88770,2024-03-04,Morning,Active,brinda.gade165@apollohospital.com,9912799088,Emergency Contact,9117298068,Brother,System,System,2023-01-01,2025-01-01
166,EMP000166,David,Sarma,Male,1973-12-17,O-,Married,Doctor,Junior Resident,MS,Neurology,Full-time,10,\N,2,85485,2024-07-08,Morning,Active,david.sarma166@apollohospital.com,9473149864,Emergency Contact,9300981806,Mother,System,System,2023-01-01,2025-01-01
167,EMP000167,Onkar,Varty,Female,1984-06-04,AB+,Married,Technician,Chief Technician,MMLT,CT Scan,Full-time,2,\N,14,59825,2012-03-14,Evening,Active,onkar.varty167@apollohospital.com,9946368872,Emergency Contact,9588744956,Mother,System,System,2023-01-01,2025-01-01
168,EMP000168,Ikshita,Bajaj,Male,1997-08-26,A-,Single,Technician,Lab Technician,MMLT,CT Scan,Contract,7,\N,4,43639,2022-12-06,Evening,Active,ikshita.bajaj168@apollohospital.com,9890260127,Emergency Contact,9961143519,Father,System,System,2023-01-01,2025-01-01
169,EMP000169,Nitara,Sahota,Female,1980-10-21,A+,Single,Technician,Chief Technician,MMLT,CT Scan,Full-time,3,\N,13,56996,2013-09-10,Morning,Active,nitara.sahota169@apollohospital.com,9384309883,Emergency Contact,9920530214,Brother,System,System,2023-01-01,2025-01-01
170,EMP000170,Hiral,Sunder,Female,1981-07-13,A+,Divorced,Pharmacist,Pharmacy Manager,M.Pharm,Clinical Pharmacy,Contract,6,\N,22,92929,2004-10-07,Morning,Active,hiral.sunder170@apollohospital.com,9848955439,Emergency Contact,9376904268,Father,System,System,2023-01-01,2025-01-01
171,EMP000171,Sai,Jha,Female,1961-09-10,AB+,Divorced,Doctor,Consultant,MCh,Pediatrics,Full-time,2,\N,5,102686,2021-06-04,Evening,Active,sai.jha171@apollohospital.com,9697357790,Emergency Contact,9714163356,Spouse,System,System,2023-01-01,2025-01-01
172,EMP000172,Aditya,Kade,Female,1970-12-27,AB+,Single,Pharmacist,Pharmacist,B.Pharm,Inventory,Contract,5,\N,1,45334,2025-05-08,Evening,Active,aditya.kade172@apollohospital.com,9182755394,Emergency Contact,9237333433,Mother,System,System,2023-01-01,2025-01-01
173,EMP000173,Sanaya,Lal,Male,1990-03-25,A-,Divorced,Admin,Senior Executive,M.Com,HR,Contract,4,\N,12,51260,2014-02-04,General,Active,sanaya.lal173@apollohospital.com,9759579472,Emergency Contact,9846392086,Brother,System,System,2023-01-01,2025-01-01
174,EMP000174,Bhavika,Mishra,Female,1970-09-12,B+,Married,Nurse,Staff Nurse,GNM,NICU,Contract,11,\N,3,41768,2023-07-28,Evening,Active,bhavika.mishra174@apollohospital.com,9003691559,Emergency Contact,9428434795,Spouse,System,System,2023-01-01,2025-01-01
175,EMP000175,Pushti,Sagar,Female,1993-07-07,AB-,Married,Technician,Senior Technician,BMLT,MRI,Full-time,6,\N,8,48092,2018-07-23,Morning,Active,pushti.sagar175@apollohospital.com,9929314386,Emergency Contact,9632270267,Mother,System,System,2023-01-01,2025-01-01
176,EMP000176,Ojasvi,Jhaveri,Male,1963-12-11,AB+,Divorced,Doctor,Head Consultant,MCh,Cardiology,Contract,6,\N,35,250263,1991-08-10,Morning,Active,ojasvi.jhaveri176@apollohospital.com,9203471754,Emergency Contact,9558845061,Spouse,System,System,2023-01-01,2025-01-01
177,EMP000177,Upma,Ramachandran,Male,1993-10-21,B+,Married,Admin,Senior Executive,B.Com,Operations,Full-time,4,\N,10,47514,2016-11-18,General,Active,upma.ramachandran177@apollohospital.com,9716947225,Emergency Contact,9699611253,Spouse,System,System,2023-01-01,2025-01-01
178,EMP000178,Madhav,Chaudhuri,Male,1983-05-23,O+,Married,Pharmacist,Pharmacy Manager,B.Pharm,Retail Pharmacy,Contract,2,\N,21,89326,2005-05-20,Evening,Active,madhav.chaudhuri178@apollohospital.com,9622023413,Emergency Contact,9261117800,Brother,System,System,2023-01-01,2025-01-01
179,EMP000179,Rajata,Lal,Female,1970-02-09,A-,Divorced,Pharmacist,Senior Pharmacist,B.Pharm,Retail Pharmacy,Full-time,9,\N,6,52078,2020-10-05,Morning,Active,rajata.lal179@apollohospital.com,9472282005,Emergency Contact,9577848728,Mother,System,System,2023-01-01,2025-01-01
180,EMP000180,Tarak,Pau,Female,1968-08-21,O+,Divorced,Admin,Manager,B.Com,Operations,Contract,5,\N,39,89445,1987-12-21,General,Active,tarak.pau180@apollohospital.com,9174564240,Emergency Contact,9082547807,Brother,System,System,2023-01-01,2025-01-01
181,EMP000181,Krishna,Golla,Male,1986-07-26,B-,Single,Admin,Executive,B.Com,Finance,Contract,7,\N,1,31872,2025-05-20,General,Active,krishna.golla181@apollohospital.com,9632663416,Emergency Contact,9389448463,Father,System,System,2023-01-01,2025-01-01
182,EMP000182,Bhanumati,Bumb,Male,1992-05-04,O-,Married,Pharmacist,Pharmacist,M.Pharm,Inventory,Contract,8,\N,3,47630,2023-11-15,Morning,Active,bhanumati.bumb182@apollohospital.com,9502080214,Emergency Contact,9427031207,Mother,System,System,2023-01-01,2025-01-01
183,EMP000183,Yashoda,Sant,Female,1983-05-26,O-,Divorced,Technician,Chief Technician,DMLT,MRI,Full-time,8,\N,14,55857,2012-08-12,Morning,Active,yashoda.sant183@apollohospital.com,9046187234,Emergency Contact,9601367303,Brother,System,System,2023-01-01,2025-01-01
184,EMP000184,Upkaar,Gade,Female,1990-11-07,AB+,Married,Doctor,Senior Consultant,MD,Cardiology,Contract,2,\N,9,123100,2017-08-13,Night,Active,upkaar.gade184@apollohospital.com,9814743503,Emergency Contact,9136502491,Brother,System,System,2023-01-01,2025-01-01
185,EMP000185,Maanav,Sankar,Male,1981-01-19,B+,Married,Doctor,Junior Resident,MBBS,General Medicine,Full-time,1,\N,1,78291,2025-12-16,Evening,Active,maanav.sankar185@apollohospital.com,9195005281,Emergency Contact,9273585730,Brother,System,System,2023-01-01,2025-01-01
186,EMP000186,Xavier,Varkey,Male,1983-03-09,O-,Divorced,Admin,Manager,B.Com,Procurement,Contract,5,\N,24,64554,2002-01-16,General,Active,xavier.varkey186@apollohospital.com,9855749821,Emergency Contact,9827448570,Sister,System,System,2023-01-01,2025-01-01
187,EMP000187,Onkar,Dhar,Female,1972-03-01,AB-,Divorced,Doctor,Head Consultant,MD,Pulmonology,Contract,7,\N,24,197906,2002-10-28,Morning,Active,onkar.dhar187@apollohospital.com,9863878294,Emergency Contact,9565118102,Mother,System,System,2023-01-01,2025-01-01
188,EMP000188,Manbir,Mandal,Male,2002-02-16,A+,Divorced,Nurse,Staff Nurse,M.Sc Nursing,Ward,Contract,6,\N,1,39389,2025-04-04,Evening,Active,manbir.mandal188@apollohospital.com,9899405391,Emergency Contact,9037170586,Spouse,System,System,2023-01-01,2025-01-01
189,EMP000189,Kalpit,Maharaj,Female,1993-05-17,A-,Married,Doctor,Consultant,MBBS,General Medicine,Contract,5,\N,5,104869,2021-01-24,Night,Active,kalpit.maharaj189@apollohospital.com,9113863383,Emergency Contact,9928861957,Brother,System,System,2023-01-01,2025-01-01
190,EMP000190,Hredhaan,Sankar,Male,1997-03-18,AB-,Divorced,Pharmacist,Pharmacist,D.Pharm,Inventory,Contract,11,\N,2,46314,2024-07-17,Evening,Active,hredhaan.sankar190@apollohospital.com,9558556659,Emergency Contact,9398368457,Brother,System,System,2023-01-01,2025-01-01
191,EMP000191,Nikita,Ramesh,Female,1979-12-02,A+,Divorced,Technician,Lab Technician,DMLT,MRI,Full-time,3,\N,1,31853,2025-05-20,Evening,Active,nikita.ramesh191@apollohospital.com,9335048889,Emergency Contact,9921075224,Spouse,System,System,2023-01-01,2025-01-01
192,EMP000192,Saanvi,Choudhary,Female,1989-05-26,O+,Divorced,Technician,Senior Technician,DMLT,Radiology,Contract,2,\N,8,50327,2018-05-03,Evening,Active,saanvi.choudhary192@apollohospital.com,9727919409,Emergency Contact,9610556613,Sister,System,System,2023-01-01,2025-01-01
193,EMP000193,Kai,Kumer,Female,1996-11-13,A+,Married,Doctor,Junior Resident,MCh,Orthopedics,Full-time,1,\N,3,89677,2023-01-10,Night,Active,kai.kumer193@apollohospital.com,9320679981,Emergency Contact,9364622517,Sister,System,System,2023-01-01,2025-01-01
194,EMP000194,Daksha,Patla,Male,2000-05-03,O+,Divorced,Pharmacist,Pharmacist,D.Pharm,Clinical Pharmacy,Contract,6,\N,4,49739,2022-07-17,Morning,Active,daksha.patla194@apollohospital.com,9769389833,Emergency Contact,9146591166,Spouse,System,System,2023-01-01,2025-01-01
195,EMP000195,Nandini,Lata,Male,1981-06-12,A+,Married,Pharmacist,Senior Pharmacist,D.Pharm,Retail Pharmacy,Full-time,9,\N,7,57448,2019-10-21,Evening,Active,nandini.lata195@apollohospital.com,9927033521,Emergency Contact,9103924051,Spouse,System,System,2023-01-01,2025-01-01
196,EMP000196,Damyanti,Bahri,Female,1976-01-11,B-,Single,Technician,Chief Technician,MMLT,Blood Bank,Full-time,1,\N,16,64946,2010-04-24,Evening,Active,damyanti.bahri196@apollohospital.com,9879206980,Emergency Contact,9420439407,Father,System,System,2023-01-01,2025-01-01
197,EMP000197,Triya,Merchant,Male,1992-11-09,AB-,Single,Doctor,Consultant,MBBS,Pediatrics,Contract,11,\N,4,99105,2022-11-28,Night,Active,triya.merchant197@apollohospital.com,9636815798,Emergency Contact,9123878003,Sister,System,System,2023-01-01,2025-01-01
198,EMP000198,Dipta,Issac,Female,1986-08-13,A+,Married,Admin,Senior Executive,B.Com,Operations,Full-time,2,\N,11,48621,2015-12-06,General,Active,dipta.issac198@apollohospital.com,9384046084,Emergency Contact,9325621689,Mother,System,System,2023-01-01,2025-01-01
199,EMP000199,Watika,Sheth,Female,1978-10-05,AB-,Married,Technician,Senior Technician,MMLT,Laboratory,Full-time,9,\N,8,46093,2018-07-10,Morning,Active,watika.sheth199@apollohospital.com,9983248262,Emergency Contact,9925188125,Mother,System,System,2023-01-01,2025-01-01
200,EMP000200,Vedhika,Chaudhry,Female,2004-07-14,AB+,Single,Admin,Executive,MBA,HR,Contract,1,\N,3,32577,2023-05-15,General,Active,vedhika.chaudhry200@apollohospital.com,9099499939,Emergency Contact,9330517289,Brother,System,System,2023-01-01,2025-01-01
201,EMP000201,Meghana,Natt,Female,1981-07-16,B+,Single,Nurse,Senior Nurse,GNM,ICU,Contract,7,\N,6,47347,2020-08-05,Morning,Active,meghana.natt201@apollohospital.com,9463331279,Emergency Contact,9757366096,Spouse,System,System,2023-01-01,2025-01-01
202,EMP000202,Jatin,Atwal,Male,1978-12-19,A+,Divorced,Pharmacist,Pharmacy Manager,D.Pharm,Retail Pharmacy,Contract,10,\N,20,84742,2006-10-18,Morning,Active,jatin.atwal202@apollohospital.com,9388608680,Emergency Contact,9347644726,Spouse,System,System,2023-01-01,2025-01-01
203,EMP000203,Zaid,Virk,Male,2001-08-27,A-,Divorced,Nurse,Staff Nurse,M.Sc Nursing,ICU,Full-time,6,\N,2,37472,2024-11-15,Night,Active,zaid.virk203@apollohospital.com,9826657027,Emergency Contact,9937145211,Father,System,System,2023-01-01,2025-01-01
204,EMP000204,Harini,Dave,Female,1968-06-03,O+,Divorced,Doctor,Head Consultant,MCh,Orthopedics,Contract,1,\N,21,180102,2005-09-23,Night,Active,harini.dave204@apollohospital.com,9602592222,Emergency Contact,9064474212,Mother,System,System,2023-01-01,2025-01-01
205,EMP000205,Bakhshi,Majumdar,Male,2004-01-15,O-,Divorced,Nurse,Staff Nurse,GNM,NICU,Full-time,3,\N,1,41231,2025-08-28,Evening,Active,bakhshi.majumdar205@apollohospital.com,9339776719,Emergency Contact,9903849830,Mother,System,System,2023-01-01,2025-01-01
206,EMP000206,Bimala,Nagar,Female,1987-11-12,A+,Divorced,Doctor,Junior Resident,MCh,Pediatrics,Full-time,11,\N,1,79712,2025-01-05,Morning,Active,bimala.nagar206@apollohospital.com,9016224999,Emergency Contact,9827950145,Spouse,System,System,2023-01-01,2025-01-01
207,EMP000207,Nisha,Agate,Male,1972-02-25,A-,Married,Doctor,Head Consultant,DM,Orthopedics,Full-time,6,\N,27,207999,1999-07-27,Night,Active,nisha.agate207@apollohospital.com,9458683390,Emergency Contact,9198179469,Spouse,System,System,2023-01-01,2025-01-01
208,EMP000208,Maanav,Rastogi,Female,1988-10-20,O-,Divorced,Nurse,Chief Nursing Officer,M.Sc Nursing,Ward,Full-time,3,\N,17,70034,2009-06-05,Morning,Active,maanav.rastogi208@apollohospital.com,9934301071,Emergency Contact,9396605583,Father,System,System,2023-01-01,2025-01-01
209,EMP000209,Yoshita,Toor,Male,1991-05-09,AB+,Divorced,Pharmacist,Senior Pharmacist,M.Pharm,Retail Pharmacy,Contract,7,\N,12,69683,2014-02-10,Morning,Active,yoshita.toor209@apollohospital.com,9155699023,Emergency Contact,9557702727,Sister,System,System,2023-01-01,2025-01-01
210,EMP000210,Chaman,Uppal,Male,1983-07-24,AB+,Divorced,Technician,Chief Technician,MMLT,MRI,Contract,3,\N,15,61548,2011-01-27,Morning,Active,chaman.uppal210@apollohospital.com,9395512405,Emergency Contact,9682996291,Spouse,System,System,2023-01-01,2025-01-01
211,EMP000211,Wazir,Pal,Male,1984-05-14,B-,Married,Nurse,Staff Nurse,B.Sc Nursing,OT,Contract,7,\N,2,37770,2024-02-16,Night,Active,wazir.pal211@apollohospital.com,9421503178,Emergency Contact,9078235784,Spouse,System,System,2023-01-01,2025-01-01
212,EMP000212,Atharv,Jain,Female,1987-09-22,A+,Married,Doctor,Junior Resident,DM,Neurology,Full-time,6,\N,2,82033,2024-03-07,Evening,Active,atharv.jain212@apollohospital.com,9091570184,Emergency Contact,9094353344,Sister,System,System,2023-01-01,2025-01-01
213,EMP000213,Xalak,Saini,Female,1976-11-04,B+,Married,Doctor,Senior Consultant,MBBS,Cardiology,Full-time,7,\N,15,154850,2011-05-05,Night,Active,xalak.saini213@apollohospital.com,9881385854,Emergency Contact,9249321495,Sister,System,System,2023-01-01,2025-01-01
214,EMP000214,Mohini,Sarma,Male,1976-03-01,A+,Single,Nurse,Staff Nurse,B.Sc Nursing,ICU,Full-time,7,\N,2,36705,2024-08-22,Evening,Active,mohini.sarma214@apollohospital.com,9629979545,Emergency Contact,9381792171,Brother,System,System,2023-01-01,2025-01-01
215,EMP000215,Neelima,Sankaran,Male,1985-08-08,AB+,Married,Nurse,Nursing Supervisor,B.Sc Nursing,Emergency,Contract,2,\N,15,67731,2011-04-05,Night,Active,neelima.sankaran215@apollohospital.com,9557701715,Emergency Contact,9772459928,Father,System,System,2023-01-01,2025-01-01
216,EMP000216,Rehaan,Jani,Male,1978-02-11,A-,Married,Pharmacist,Pharmacy Manager,M.Pharm,Retail Pharmacy,Full-time,6,\N,23,90883,2003-09-21,Evening,Active,rehaan.jani216@apollohospital.com,9393827615,Emergency Contact,9396695832,Father,System,System,2023-01-01,2025-01-01
217,EMP000217,Diya,Sami,Male,1969-02-19,AB-,Divorced,Admin,Manager,BBA,Procurement,Full-time,11,\N,32,76443,1994-10-15,General,Active,diya.sami217@apollohospital.com,9619196570,Emergency Contact,9132902278,Spouse,System,System,2023-01-01,2025-01-01
218,EMP000218,Leela,Dara,Female,1981-10-15,AB-,Married,Admin,Manager,B.Com,Procurement,Full-time,4,\N,20,62880,2006-04-07,General,Active,leela.dara218@apollohospital.com,9190986240,Emergency Contact,9580085140,Mother,System,System,2023-01-01,2025-01-01
219,EMP000219,Charan,Goel,Female,1969-10-13,O+,Married,Doctor,Head Consultant,DM,Radiology,Contract,10,\N,23,191465,2003-11-11,Morning,Active,charan.goel219@apollohospital.com,9272386562,Emergency Contact,9422010276,Mother,System,System,2023-01-01,2025-01-01
220,EMP000220,Aahana,Ganguly,Female,1999-11-26,O-,Divorced,Nurse,Staff Nurse,M.Sc Nursing,Ward,Contract,7,\N,2,41105,2024-07-28,Morning,Active,aahana.ganguly220@apollohospital.com,9786876532,Emergency Contact,9690973846,Sister,System,System,2023-01-01,2025-01-01
221,EMP000221,Frederick,Shere,Female,1968-01-02,AB-,Single,Nurse,Chief Nursing Officer,M.Sc Nursing,Ward,Full-time,6,\N,24,87878,2002-10-16,Night,Active,frederick.shere221@apollohospital.com,9128478189,Emergency Contact,9137189490,Spouse,System,System,2023-01-01,2025-01-01
222,EMP000222,Vasudha,Nath,Female,1970-08-15,AB-,Married,Nurse,Staff Nurse,B.Sc Nursing,OT,Contract,7,\N,1,36369,2025-09-16,Morning,Active,vasudha.nath222@apollohospital.com,9094940792,Emergency Contact,9904904712,Sister,System,System,2023-01-01,2025-01-01
223,EMP000223,Samuel,Bobal,Female,2000-05-05,AB+,Married,Nurse,Staff Nurse,GNM,ICU,Contract,11,\N,3,42946,2023-10-09,Morning,Active,samuel.bobal223@apollohospital.com,9927524372,Emergency Contact,9805129276,Brother,System,System,2023-01-01,2025-01-01
224,EMP000224,Zayan,Savant,Male,1989-12-21,AB-,Single,Nurse,Nursing Supervisor,M.Sc Nursing,OT,Full-time,2,\N,15,68188,2011-03-07,Morning,Active,zayan.savant224@apollohospital.com,9027674783,Emergency Contact,9667428604,Brother,System,System,2023-01-01,2025-01-01
225,EMP000225,Ranbir,Chandran,Female,1972-06-17,A-,Divorced,Doctor,Head Consultant,MS,Radiology,Full-time,10,\N,22,187001,2004-11-02,Night,Active,ranbir.chandran225@apollohospital.com,9454414967,Emergency Contact,9393852580,Father,System,System,2023-01-01,2025-01-01
226,EMP000226,Yashoda,Krishnamurthy,Male,2000-07-04,O-,Married,Nurse,Staff Nurse,GNM,OT,Contract,5,\N,1,36063,2025-09-04,Morning,Active,yashoda.krishnamurthy226@apollohospital.com,9009109391,Emergency Contact,9119269212,Spouse,System,System,2023-01-01,2025-01-01
227,EMP000227,Ishita,Chowdhury,Female,1978-11-03,AB+,Married,Doctor,Senior Consultant,MS,Pediatrics,Contract,4,\N,15,148326,2011-11-15,Morning,Active,ishita.chowdhury227@apollohospital.com,9406650442,Emergency Contact,9717396271,Mother,System,System,2023-01-01,2025-01-01
228,EMP000228,Ekansh,Nagi,Male,1962-04-20,O-,Divorced,Doctor,Head Consultant,MS,Neurology,Full-time,11,\N,28,212285,1998-11-04,Morning,Active,ekansh.nagi228@apollohospital.com,9194707200,Emergency Contact,9642569087,Brother,System,System,2023-01-01,2025-01-01
229,EMP000229,Tanish,Pai,Female,1976-12-25,B-,Single,Pharmacist,Pharmacy Manager,B.Pharm,Inventory,Full-time,6,\N,13,72300,2013-02-18,Evening,Active,tanish.pai229@apollohospital.com,9198554601,Emergency Contact,9585174328,Father,System,System,2023-01-01,2025-01-01
230,EMP000230,Idika,Dua,Female,1980-04-10,A-,Divorced,Nurse,Chief Nursing Officer,M.Sc Nursing,OT,Full-time,9,\N,22,79985,2004-12-13,Morning,Active,idika.dua230@apollohospital.com,9732030937,Emergency Contact,9618478700,Spouse,System,System,2023-01-01,2025-01-01
231,EMP000231,Noah,Ratta,Female,2001-12-02,B-,Divorced,Nurse,Staff Nurse,M.Sc Nursing,NICU,Contract,2,\N,3,41754,2023-07-04,Night,Active,noah.ratta231@apollohospital.com,9829310270,Emergency Contact,9790320204,Father,System,System,2023-01-01,2025-01-01
232,EMP000232,Udant,Bawa,Male,1967-10-03,O-,Divorced,Doctor,Senior Consultant,MCh,General Medicine,Contract,9,\N,11,127516,2015-02-04,Morning,Active,udant.bawa232@apollohospital.com,9656519825,Emergency Contact,9309251142,Brother,System,System,2023-01-01,2025-01-01
233,EMP000233,Sanya,Sahota,Female,1986-06-18,B-,Divorced,Doctor,Senior Consultant,MBBS,Orthopedics,Contract,9,\N,12,132818,2014-03-15,Night,Active,sanya.sahota233@apollohospital.com,9962071002,Emergency Contact,9194672324,Sister,System,System,2023-01-01,2025-01-01
234,EMP000234,Jeevika,Handa,Male,1976-04-06,A+,Divorced,Technician,Chief Technician,DMLT,CT Scan,Contract,6,\N,14,60213,2012-10-23,Morning,Active,jeevika.handa234@apollohospital.com,9456083318,Emergency Contact,9195883734,Father,System,System,2023-01-01,2025-01-01
235,EMP000235,Nathan,Merchant,Female,1991-03-22,B+,Single,Pharmacist,Pharmacist,M.Pharm,Clinical Pharmacy,Full-time,4,\N,2,41842,2024-08-16,Evening,Active,nathan.merchant235@apollohospital.com,9436459701,Emergency Contact,9082207811,Mother,System,System,2023-01-01,2025-01-01
236,EMP000236,Falguni,Bali,Male,1976-10-11,AB-,Single,Nurse,Chief Nursing Officer,GNM,OT,Contract,2,\N,19,71865,2007-07-07,Morning,Active,falguni.bali236@apollohospital.com,9363631797,Emergency Contact,9062397265,Mother,System,System,2023-01-01,2025-01-01
237,EMP000237,Bina,Kumer,Female,1975-04-21,B-,Married,Technician,Chief Technician,DMLT,Radiology,Full-time,2,\N,24,78870,2002-06-09,Morning,Active,bina.kumer237@apollohospital.com,9421776253,Emergency Contact,9492929831,Brother,System,System,2023-01-01,2025-01-01
238,EMP000238,Garima,Misra,Female,1971-04-19,O-,Married,Nurse,Chief Nursing Officer,GNM,Ward,Full-time,4,\N,32,102030,1994-08-27,Morning,Active,garima.misra238@apollohospital.com,9356939290,Emergency Contact,9600780686,Brother,System,System,2023-01-01,2025-01-01
239,EMP000239,Michael,Dhar,Female,1999-08-08,A+,Divorced,Admin,Senior Executive,M.Com,Finance,Full-time,5,\N,8,40087,2018-02-18,General,Active,michael.dhar239@apollohospital.com,9431074279,Emergency Contact,9907726257,Father,System,System,2023-01-01,2025-01-01
240,EMP000240,Saumya,Pall,Male,2001-12-11,AB+,Married,Admin,Executive,B.Com,Finance,Full-time,7,\N,4,39452,2022-09-02,General,Active,saumya.pall240@apollohospital.com,9950850165,Emergency Contact,9790552818,Mother,System,System,2023-01-01,2025-01-01
241,EMP000241,Warda,Comar,Male,1996-04-18,O-,Divorced,Technician,Senior Technician,MMLT,Laboratory,Full-time,5,\N,6,46969,2020-02-21,Morning,Active,warda.comar241@apollohospital.com,9554864015,Emergency Contact,9577881788,Spouse,System,System,2023-01-01,2025-01-01
242,EMP000242,Anmol,Chauhan,Male,1976-06-26,A-,Single,Nurse,Chief Nursing Officer,B.Sc Nursing,ICU,Contract,11,\N,20,72656,2006-11-23,Evening,Active,anmol.chauhan242@apollohospital.com,9241124127,Emergency Contact,9238046827,Spouse,System,System,2023-01-01,2025-01-01
243,EMP000243,Aayush,Nayar,Male,1977-12-21,B-,Single,Pharmacist,Pharmacy Manager,D.Pharm,Clinical Pharmacy,Full-time,5,\N,15,76839,2011-01-10,Evening,Active,aayush.nayar243@apollohospital.com,9695579887,Emergency Contact,9749242437,Spouse,System,System,2023-01-01,2025-01-01
244,EMP000244,Manbir,Mohan,Male,1978-03-12,B+,Divorced,Doctor,Junior Resident,MD,Pediatrics,Full-time,9,\N,2,83493,2024-05-15,Morning,Active,manbir.mohan244@apollohospital.com,9223105927,Emergency Contact,9452380552,Spouse,System,System,2023-01-01,2025-01-01
245,EMP000245,Samaksh,Karpe,Male,1976-03-18,A+,Married,Technician,Chief Technician,BMLT,Laboratory,Full-time,7,\N,18,70164,2008-05-04,Evening,Active,samaksh.karpe245@apollohospital.com,9520885474,Emergency Contact,9929751702,Sister,System,System,2023-01-01,2025-01-01
246,EMP000246,Indrajit,Borra,Female,1997-01-13,B-,Married,Nurse,Senior Nurse,B.Sc Nursing,ICU,Contract,3,\N,5,44673,2021-10-27,Morning,Active,indrajit.borra246@apollohospital.com,9939834301,Emergency Contact,9871863759,Sister,System,System,2023-01-01,2025-01-01
247,EMP000247,Balendra,Gola,Male,1973-11-12,O+,Married,Admin,Executive,M.Com,Operations,Full-time,1,\N,4,33099,2022-07-05,General,Active,balendra.gola247@apollohospital.com,9554781376,Emergency Contact,9742662991,Mother,System,System,2023-01-01,2025-01-01
248,EMP000248,Harish,Datta,Male,1991-08-28,A-,Divorced,Nurse,Senior Nurse,B.Sc Nursing,ICU,Full-time,5,\N,5,42054,2021-09-11,Evening,Active,harish.datta248@apollohospital.com,9462879232,Emergency Contact,9648704947,Sister,System,System,2023-01-01,2025-01-01
249,EMP000249,Nisha,Sengupta,Female,1967-01-26,AB+,Married,Doctor,Senior Consultant,DM,Neurology,Full-time,9,\N,15,152356,2011-01-05,Night,Active,nisha.sengupta249@apollohospital.com,9462730147,Emergency Contact,9195979647,Father,System,System,2023-01-01,2025-01-01
250,EMP000250,Jonathan,Kakar,Female,1973-12-19,AB+,Single,Doctor,Head Consultant,MCh,Cardiology,Full-time,11,\N,17,158197,2009-01-28,Evening,Active,jonathan.kakar250@apollohospital.com,9725204565,Emergency Contact,9044818321,Sister,System,System,2023-01-01,2025-01-01
251,EMP000251,Darsh,Kata,Male,1994-06-28,AB+,Married,Nurse,Nursing Supervisor,M.Sc Nursing,OT,Contract,6,\N,9,50785,2017-06-27,Night,Active,darsh.kata251@apollohospital.com,9952028457,Emergency Contact,9652132833,Sister,System,System,2023-01-01,2025-01-01
252,EMP000252,Geetika,Mani,Female,1970-07-15,B+,Single,Pharmacist,Senior Pharmacist,B.Pharm,Retail Pharmacy,Contract,10,\N,8,57152,2018-02-04,Evening,Active,geetika.mani252@apollohospital.com,9279852401,Emergency Contact,9322342321,Brother,System,System,2023-01-01,2025-01-01
253,EMP000253,Ati,Babu,Female,1989-01-25,O+,Single,Doctor,Junior Resident,MD,Neurology,Contract,7,\N,2,82268,2024-08-25,Night,Active,ati.babu253@apollohospital.com,9890714014,Emergency Contact,9011939325,Father,System,System,2023-01-01,2025-01-01
254,EMP000254,Neha,Dube,Female,1999-12-09,AB-,Single,Nurse,Staff Nurse,M.Sc Nursing,NICU,Full-time,2,\N,2,37981,2024-10-12,Night,Active,neha.dube254@apollohospital.com,9911908334,Emergency Contact,9280138759,Mother,System,System,2023-01-01,2025-01-01
255,EMP000255,Zarna,Datta,Male,1968-02-06,O+,Single,Doctor,Head Consultant,MCh,General Medicine,Full-time,4,\N,22,185338,2004-06-13,Morning,Active,zarna.datta255@apollohospital.com,9517182754,Emergency Contact,9801571647,Sister,System,System,2023-01-01,2025-01-01
256,EMP000256,Joshua,Rout,Female,1985-04-18,O+,Single,Technician,Chief Technician,DMLT,CT Scan,Contract,8,\N,15,64692,2011-07-10,Evening,Active,joshua.rout256@apollohospital.com,9207167811,Emergency Contact,9266912153,Spouse,System,System,2023-01-01,2025-01-01
257,EMP000257,Daniel,Sodhi,Male,1991-07-04,O+,Divorced,Pharmacist,Senior Pharmacist,B.Pharm,Retail Pharmacy,Full-time,2,\N,10,65265,2016-04-27,Evening,Active,daniel.sodhi257@apollohospital.com,9657967842,Emergency Contact,9711477320,Father,System,System,2023-01-01,2025-01-01
258,EMP000258,Vihaan,Narang,Female,2000-08-22,O+,Divorced,Pharmacist,Pharmacist,M.Pharm,Retail Pharmacy,Contract,8,\N,1,40451,2025-01-06,Evening,Active,vihaan.narang258@apollohospital.com,9991187734,Emergency Contact,9778485880,Father,System,System,2023-01-01,2025-01-01
259,EMP000259,Jatin,Dayal,Female,1977-02-13,O+,Married,Technician,Chief Technician,BMLT,Radiology,Contract,3,\N,29,82469,1997-08-11,Morning,Active,jatin.dayal259@apollohospital.com,9842762467,Emergency Contact,9197889778,Mother,System,System,2023-01-01,2025-01-01
260,EMP000260,Hamsini,Misra,Female,1971-07-09,O+,Divorced,Pharmacist,Pharmacist,M.Pharm,Retail Pharmacy,Contract,7,\N,4,52078,2022-08-19,Evening,Active,hamsini.misra260@apollohospital.com,9500902559,Emergency Contact,9056165565,Father,System,System,2023-01-01,2025-01-01
261,EMP000261,Pallavi,Pradhan,Female,1989-04-21,A-,Divorced,Technician,Senior Technician,DMLT,MRI,Full-time,10,\N,8,45337,2018-05-19,Evening,Active,pallavi.pradhan261@apollohospital.com,9208507698,Emergency Contact,9640790569,Brother,System,System,2023-01-01,2025-01-01
262,EMP000262,Vinaya,Manne,Male,1976-02-26,B-,Married,Doctor,Head Consultant,DM,Pulmonology,Full-time,2,\N,19,168365,2007-08-04,Night,Active,vinaya.manne262@apollohospital.com,9456371834,Emergency Contact,9404963919,Father,System,System,2023-01-01,2025-01-01
263,EMP000263,Rushil,Shukla,Female,1968-05-03,O-,Married,Admin,Manager,MBA,Operations,Full-time,4,\N,22,66517,2004-10-26,General,Active,rushil.shukla263@apollohospital.com,9484685366,Emergency Contact,9498782082,Sister,System,System,2023-01-01,2025-01-01
264,EMP000264,Fariq,Shroff,Male,1974-11-27,AB+,Divorced,Admin,Manager,M.Com,HR,Full-time,3,\N,14,52278,2012-12-15,General,Active,fariq.shroff264@apollohospital.com,9572324665,Emergency Contact,9136442493,Brother,System,System,2023-01-01,2025-01-01
265,EMP000265,Zinal,Sinha,Male,1981-03-07,AB+,Married,Doctor,Consultant,DM,Radiology,Contract,1,\N,4,95457,2022-01-08,Night,Active,zinal.sinha265@apollohospital.com,9032420448,Emergency Contact,9207001594,Father,System,System,2023-01-01,2025-01-01
266,EMP000266,Ekantika,Dugal,Male,1977-11-22,B+,Single,Pharmacist,Senior Pharmacist,D.Pharm,Inventory,Full-time,2,\N,12,69416,2014-02-13,Morning,Active,ekantika.dugal266@apollohospital.com,9898471391,Emergency Contact,9559636321,Mother,System,System,2023-01-01,2025-01-01
267,EMP000267,Jhalak,Randhawa,Female,1992-08-14,A+,Married,Admin,Senior Executive,B.Com,HR,Full-time,7,\N,9,43092,2017-05-28,General,Active,jhalak.randhawa267@apollohospital.com,9734257540,Emergency Contact,9900348645,Father,System,System,2023-01-01,2025-01-01
268,EMP000268,Isaac,Oak,Female,1970-08-13,AB+,Married,Nurse,Chief Nursing Officer,GNM,Emergency,Contract,7,\N,16,66436,2010-01-13,Morning,Active,isaac.oak268@apollohospital.com,9275604177,Emergency Contact,9656124815,Brother,System,System,2023-01-01,2025-01-01
269,EMP000269,Advay,Chander,Male,1970-08-23,A+,Divorced,Admin,Manager,MBA,Procurement,Contract,6,\N,21,64980,2005-01-25,General,Active,advay.chander269@apollohospital.com,9063459112,Emergency Contact,9382965772,Spouse,System,System,2023-01-01,2025-01-01
270,EMP000270,Lipika,Arora,Male,1992-10-27,AB+,Single,Pharmacist,Senior Pharmacist,D.Pharm,Retail Pharmacy,Contract,10,\N,11,64211,2015-06-26,Morning,Active,lipika.arora270@apollohospital.com,9669300893,Emergency Contact,9173420696,Sister,System,System,2023-01-01,2025-01-01
271,EMP000271,Christopher,Gade,Female,1988-02-12,A-,Single,Technician,Lab Technician,MMLT,Blood Bank,Full-time,6,\N,5,42564,2021-03-19,Evening,Active,christopher.gade271@apollohospital.com,9713334476,Emergency Contact,9263934362,Brother,System,System,2023-01-01,2025-01-01
272,EMP000272,Nirja,Kala,Female,1995-05-09,O-,Single,Technician,Lab Technician,BMLT,Blood Bank,Contract,5,\N,1,37405,2025-04-20,Evening,Active,nirja.kala272@apollohospital.com,9107256366,Emergency Contact,9941180053,Brother,System,System,2023-01-01,2025-01-01
273,EMP000273,Banjeet,Goyal,Female,1983-11-26,A+,Single,Admin,Manager,B.Com,Procurement,Contract,11,\N,20,59478,2006-10-23,General,Active,banjeet.goyal273@apollohospital.com,9528092428,Emergency Contact,9757215862,Spouse,System,System,2023-01-01,2025-01-01
274,EMP000274,Garima,Pandey,Male,1997-01-05,AB+,Divorced,Nurse,Senior Nurse,B.Sc Nursing,Ward,Contract,4,\N,6,46317,2020-08-28,Evening,Active,garima.pandey274@apollohospital.com,9948562572,Emergency Contact,9870320320,Brother,System,System,2023-01-01,2025-01-01
275,EMP000275,Gopal,Lad,Male,1988-12-15,O-,Single,Technician,Senior Technician,BMLT,MRI,Full-time,3,\N,6,46608,2020-07-04,Evening,Active,gopal.lad275@apollohospital.com,9771215134,Emergency Contact,9228499390,Sister,System,System,2023-01-01,2025-01-01
276,EMP000276,Harsh,Mand,Female,1968-07-03,O-,Divorced,Nurse,Nursing Supervisor,GNM,OT,Contract,10,\N,12,56212,2014-04-25,Evening,Active,harsh.mand276@apollohospital.com,9165915201,Emergency Contact,9777490509,Brother,System,System,2023-01-01,2025-01-01
277,EMP000277,Lohit,Handa,Male,1984-03-07,AB+,Married,Nurse,Chief Nursing Officer,GNM,ICU,Full-time,1,\N,19,74482,2007-01-26,Night,Active,lohit.handa277@apollohospital.com,9616423610,Emergency Contact,9326642147,Brother,System,System,2023-01-01,2025-01-01
278,EMP000278,Saksham,Sehgal,Female,1985-03-12,AB-,Divorced,Technician,Chief Technician,DMLT,CT Scan,Contract,5,\N,20,69649,2006-11-04,Evening,Active,saksham.sehgal278@apollohospital.com,9749961659,Emergency Contact,9266108573,Mother,System,System,2023-01-01,2025-01-01
279,EMP000279,Chandani,Issac,Female,1972-05-15,O-,Married,Pharmacist,Senior Pharmacist,D.Pharm,Clinical Pharmacy,Full-time,5,\N,6,55805,2020-07-03,Evening,Active,chandani.issac279@apollohospital.com,9386490810,Emergency Contact,9818661794,Spouse,System,System,2023-01-01,2025-01-01
280,EMP000280,Jairaj,Munshi,Male,1988-09-01,O-,Single,Technician,Lab Technician,DMLT,CT Scan,Contract,2,\N,3,35770,2023-02-24,Morning,Active,jairaj.munshi280@apollohospital.com,9645977945,Emergency Contact,9232194168,Father,System,System,2023-01-01,2025-01-01
281,EMP000281,Amrita,Panchal,Female,2005-02-01,O-,Married,Admin,Executive,M.Com,Procurement,Contract,7,\N,2,32480,2024-03-21,General,Active,amrita.panchal281@apollohospital.com,9641220310,Emergency Contact,9303723683,Father,System,System,2023-01-01,2025-01-01
282,EMP000282,Neel,Sridhar,Female,1984-03-16,A-,Single,Pharmacist,Pharmacy Manager,D.Pharm,Inventory,Contract,7,\N,15,75755,2011-07-01,Evening,Active,neel.sridhar282@apollohospital.com,9770793349,Emergency Contact,9605016679,Sister,System,System,2023-01-01,2025-01-01
283,EMP000283,Azad,Rao,Female,1961-01-16,O-,Single,Doctor,Head Consultant,MBBS,Cardiology,Full-time,3,\N,19,170457,2007-07-16,Night,Active,azad.rao283@apollohospital.com,9581467179,Emergency Contact,9576024375,Brother,System,System,2023-01-01,2025-01-01
284,EMP000284,Harsh,Misra,Female,1990-10-22,O-,Single,Technician,Senior Technician,BMLT,CT Scan,Contract,6,\N,8,52262,2018-06-20,Evening,Active,harsh.misra284@apollohospital.com,9572934172,Emergency Contact,9232971674,Mother,System,System,2023-01-01,2025-01-01
285,EMP000285,Zashil,Joshi,Female,1991-01-01,AB-,Divorced,Nurse,Nursing Supervisor,GNM,Emergency,Contract,2,\N,9,56782,2017-06-09,Night,Active,zashil.joshi285@apollohospital.com,9015619318,Emergency Contact,9374550842,Sister,System,System,2023-01-01,2025-01-01
286,EMP000286,Lila,Batta,Female,1966-12-02,O-,Single,Nurse,Senior Nurse,GNM,NICU,Contract,10,\N,7,50994,2019-08-26,Morning,Active,lila.batta286@apollohospital.com,9808121352,Emergency Contact,9478712552,Father,System,System,2023-01-01,2025-01-01
287,EMP000287,Keya,Bahl,Female,1991-07-25,O-,Married,Pharmacist,Senior Pharmacist,B.Pharm,Inventory,Full-time,4,\N,8,56002,2018-01-08,Morning,Active,keya.bahl287@apollohospital.com,9456532863,Emergency Contact,9266678507,Mother,System,System,2023-01-01,2025-01-01
288,EMP000288,Forum,Bains,Male,2004-02-11,B+,Married,Technician,Lab Technician,DMLT,CT Scan,Full-time,7,\N,1,38019,2025-06-13,Morning,Active,forum.bains288@apollohospital.com,9290846684,Emergency Contact,9550489267,Mother,System,System,2023-01-01,2025-01-01
289,EMP000289,Chanakya,Brahmbhatt,Male,1969-12-12,B-,Married,Pharmacist,Pharmacy Manager,D.Pharm,Clinical Pharmacy,Full-time,9,\N,29,105202,1997-11-13,Evening,Active,chanakya.brahmbhatt289@apollohospital.com,9628843188,Emergency Contact,9485200894,Mother,System,System,2023-01-01,2025-01-01
290,EMP000290,Wakeeta,Oza,Male,1986-09-04,AB-,Married,Admin,Manager,B.Com,HR,Full-time,6,\N,14,48391,2012-12-02,General,Active,wakeeta.oza290@apollohospital.com,9749075399,Emergency Contact,9893544926,Sister,System,System,2023-01-01,2025-01-01
291,EMP000291,Frederick,Talwar,Female,1981-06-17,AB-,Married,Doctor,Consultant,MBBS,Orthopedics,Contract,10,\N,4,97829,2022-10-07,Evening,Active,frederick.talwar291@apollohospital.com,9611062737,Emergency Contact,9158698864,Sister,System,System,2023-01-01,2025-01-01
292,EMP000292,Radhika,D’Alia,Female,1973-08-23,O+,Single,Nurse,Chief Nursing Officer,GNM,NICU,Contract,2,\N,28,89041,1998-08-24,Evening,Active,radhika.d’alia292@apollohospital.com,9728813770,Emergency Contact,9285196115,Sister,System,System,2023-01-01,2025-01-01
293,EMP000293,Caleb,Ray,Female,1986-09-05,AB+,Married,Technician,Lab Technician,BMLT,MRI,Full-time,3,\N,2,37580,2024-02-12,Morning,Active,caleb.ray293@apollohospital.com,9229604432,Emergency Contact,9701851067,Sister,System,System,2023-01-01,2025-01-01
294,EMP000294,Anya,Mangal,Male,1986-08-11,B+,Single,Admin,Manager,M.Com,Procurement,Full-time,11,\N,19,60965,2007-07-16,General,Active,anya.mangal294@apollohospital.com,9251996636,Emergency Contact,9580741209,Spouse,System,System,2023-01-01,2025-01-01
295,EMP000295,Harshil,Rai,Female,1969-11-18,A+,Divorced,Nurse,Senior Nurse,M.Sc Nursing,Emergency,Full-time,2,\N,8,54148,2018-02-07,Evening,Active,harshil.rai295@apollohospital.com,9801820433,Emergency Contact,9971895690,Brother,System,System,2023-01-01,2025-01-01
296,EMP000296,Zehaan,Ben,Female,2004-07-06,AB-,Married,Admin,Executive,B.Com,HR,Contract,6,\N,3,32439,2023-07-01,General,Active,zehaan.ben296@apollohospital.com,9824224124,Emergency Contact,9620952004,Brother,System,System,2023-01-01,2025-01-01
297,EMP000297,Daniel,Pandey,Male,1997-03-14,O+,Single,Pharmacist,Pharmacist,D.Pharm,Clinical Pharmacy,Full-time,11,\N,3,45562,2023-06-09,Morning,Active,daniel.pandey297@apollohospital.com,9788614057,Emergency Contact,9861706304,Sister,System,System,2023-01-01,2025-01-01
298,EMP000298,Andrew,Sachdev,Female,1967-04-25,B+,Married,Nurse,Senior Nurse,M.Sc Nursing,Ward,Contract,9,\N,7,49653,2019-09-21,Morning,Active,andrew.sachdev298@apollohospital.com,9832582386,Emergency Contact,9870079420,Father,System,System,2023-01-01,2025-01-01
299,EMP000299,Warinder,Naik,Male,1975-10-09,AB-,Divorced,Admin,Manager,MBA,Operations,Contract,2,\N,18,54372,2008-11-13,General,Active,warinder.naik299@apollohospital.com,9891416128,Emergency Contact,9463985547,Spouse,System,System,2023-01-01,2025-01-01
300,EMP000300,Warinder,Pau,Male,1989-06-07,AB-,Single,Nurse,Nursing Supervisor,M.Sc Nursing,Emergency,Full-time,6,\N,11,59295,2015-08-20,Morning,Active,warinder.pau300@apollohospital.com,9970026876,Emergency Contact,9811807156,Sister,System,System,2023-01-01,2025-01-01
301,EMP000301,Ladli,Mahal,Male,1974-03-27,A-,Married,Doctor,Senior Consultant,MS,General Medicine,Full-time,5,\N,13,140641,2013-12-01,Morning,Active,ladli.mahal301@apollohospital.com,9304531943,Emergency Contact,9375047930,Mother,System,System,2023-01-01,2025-01-01
302,EMP000302,Tripti,Mohanty,Female,1978-05-19,B+,Divorced,Pharmacist,Pharmacist,D.Pharm,Inventory,Contract,11,\N,4,51852,2022-09-16,Morning,Active,tripti.mohanty302@apollohospital.com,9192124938,Emergency Contact,9430894870,Brother,System,System,2023-01-01,2025-01-01
303,EMP000303,Bhavna,Sangha,Female,2000-07-28,A-,Divorced,Pharmacist,Pharmacist,M.Pharm,Retail Pharmacy,Contract,8,\N,3,47659,2023-07-09,Evening,Active,bhavna.sangha303@apollohospital.com,9803046875,Emergency Contact,9063519036,Father,System,System,2023-01-01,2025-01-01
304,EMP000304,Turvi,Kala,Female,1989-03-11,A-,Single,Technician,Senior Technician,BMLT,CT Scan,Contract,10,\N,7,49219,2019-05-03,Morning,Active,turvi.kala304@apollohospital.com,9954317350,Emergency Contact,9583199717,Sister,System,System,2023-01-01,2025-01-01
305,EMP000305,Varenya,Tak,Female,1996-01-02,A-,Single,Pharmacist,Pharmacist,D.Pharm,Retail Pharmacy,Contract,8,\N,2,41848,2024-07-11,Evening,Active,varenya.tak305@apollohospital.com,9961108046,Emergency Contact,9619639907,Brother,System,System,2023-01-01,2025-01-01
306,EMP000306,Dominic,Bahl,Male,1976-10-20,A+,Married,Admin,Manager,B.Com,Finance,Full-time,9,\N,28,69884,1998-02-11,General,Active,dominic.bahl306@apollohospital.com,9091939284,Emergency Contact,9567972320,Father,System,System,2023-01-01,2025-01-01
307,EMP000307,Unnati,Dugal,Female,1995-10-14,AB-,Married,Pharmacist,Pharmacist,M.Pharm,Inventory,Full-time,8,\N,5,54352,2021-09-21,Morning,Active,unnati.dugal307@apollohospital.com,9274954508,Emergency Contact,9920388065,Mother,System,System,2023-01-01,2025-01-01
308,EMP000308,Nachiket,Hayer,Female,1992-04-26,B-,Divorced,Nurse,Nursing Supervisor,B.Sc Nursing,Ward,Contract,9,\N,11,58913,2015-02-11,Night,Active,nachiket.hayer308@apollohospital.com,9599594652,Emergency Contact,9170730337,Sister,System,System,2023-01-01,2025-01-01
309,EMP000309,Ekavir,Dua,Female,1992-08-24,O+,Single,Admin,Senior Executive,M.Com,Finance,Contract,2,\N,8,45767,2018-06-26,General,Active,ekavir.dua309@apollohospital.com,9501508124,Emergency Contact,9739500334,Mother,System,System,2023-01-01,2025-01-01
310,EMP000310,Neelima,Khare,Female,1990-12-06,B-,Single,Technician,Senior Technician,DMLT,Radiology,Contract,9,\N,9,47642,2017-06-28,Evening,Active,neelima.khare310@apollohospital.com,9102615347,Emergency Contact,9355289611,Mother,System,System,2023-01-01,2025-01-01
311,EMP000311,Oeshi,Chana,Male,1996-04-18,AB-,Married,Nurse,Senior Nurse,M.Sc Nursing,Ward,Full-time,1,\N,4,45211,2022-07-23,Morning,Active,oeshi.chana311@apollohospital.com,9099384253,Emergency Contact,9042897317,Sister,System,System,2023-01-01,2025-01-01
312,EMP000312,Baghyawati,Dhillon,Male,2000-09-13,AB-,Married,Technician,Lab Technician,MMLT,CT Scan,Full-time,3,\N,2,35066,2024-11-25,Evening,Active,baghyawati.dhillon312@apollohospital.com,9587774969,Emergency Contact,9033373634,Brother,System,System,2023-01-01,2025-01-01
313,EMP000313,Shaurya,Sathe,Female,1980-03-27,A-,Single,Technician,Chief Technician,DMLT,MRI,Full-time,2,\N,19,67841,2007-06-09,Evening,Active,shaurya.sathe313@apollohospital.com,9390789567,Emergency Contact,9766575460,Mother,System,System,2023-01-01,2025-01-01
314,EMP000314,Ikbal,Seshadri,Female,1977-05-21,A-,Married,Admin,Senior Executive,BBA,Operations,Full-time,8,\N,8,46590,2018-02-12,General,Active,ikbal.seshadri314@apollohospital.com,9111508353,Emergency Contact,9544439284,Father,System,System,2023-01-01,2025-01-01
315,EMP000315,Upadhriti,Kumar,Male,1986-06-26,A+,Married,Admin,Senior Executive,MBA,Procurement,Full-time,1,\N,10,43864,2016-07-13,General,Active,upadhriti.kumar315@apollohospital.com,9373898775,Emergency Contact,9153663778,Father,System,System,2023-01-01,2025-01-01
316,EMP000316,Rushil,Chacko,Female,1980-10-28,A+,Married,Pharmacist,Pharmacist,M.Pharm,Retail Pharmacy,Full-time,2,\N,5,50783,2021-03-10,Morning,Active,rushil.chacko316@apollohospital.com,9666845909,Emergency Contact,9022599996,Brother,System,System,2023-01-01,2025-01-01
317,EMP000317,Girish,Sule,Female,1990-02-18,O-,Single,Pharmacist,Senior Pharmacist,B.Pharm,Inventory,Full-time,7,\N,7,60280,2019-07-07,Evening,Active,girish.sule317@apollohospital.com,9412182097,Emergency Contact,9023164334,Sister,System,System,2023-01-01,2025-01-01
318,EMP000318,Wazir,Balay,Female,1999-01-12,B+,Married,Pharmacist,Pharmacist,B.Pharm,Retail Pharmacy,Full-time,9,\N,4,47086,2022-09-01,Morning,Active,wazir.balay318@apollohospital.com,9286716323,Emergency Contact,9467299493,Sister,System,System,2023-01-01,2025-01-01
319,EMP000319,Jeremiah,Jayaraman,Female,1967-04-01,A-,Married,Doctor,Head Consultant,MCh,General Medicine,Full-time,9,\N,18,166307,2008-03-15,Evening,Active,jeremiah.jayaraman319@apollohospital.com,9977790147,Emergency Contact,9546926329,Brother,System,System,2023-01-01,2025-01-01
320,EMP000320,Vedant,Palla,Female,1975-11-06,A-,Married,Technician,Chief Technician,MMLT,Radiology,Contract,1,\N,13,55363,2013-12-19,Morning,Active,vedant.palla320@apollohospital.com,9484137681,Emergency Contact,9511856724,Mother,System,System,2023-01-01,2025-01-01
321,EMP000321,Arya,Oak,Female,1964-08-01,O-,Married,Doctor,Junior Resident,MS,Radiology,Contract,9,\N,3,94010,2023-02-21,Morning,Active,arya.oak321@apollohospital.com,9600412577,Emergency Contact,9711837274,Mother,System,System,2023-01-01,2025-01-01
322,EMP000322,Brinda,Borah,Male,1994-10-04,A-,Divorced,Nurse,Staff Nurse,M.Sc Nursing,Ward,Full-time,3,\N,1,35379,2025-03-10,Morning,Active,brinda.borah322@apollohospital.com,9042752308,Emergency Contact,9370816470,Sister,System,System,2023-01-01,2025-01-01
323,EMP000323,Aarnav,Bedi,Male,2003-07-25,AB-,Single,Pharmacist,Pharmacist,D.Pharm,Clinical Pharmacy,Contract,8,\N,1,39331,2025-04-08,Evening,Active,aarnav.bedi323@apollohospital.com,9005313122,Emergency Contact,9068155839,Mother,System,System,2023-01-01,2025-01-01
324,EMP000324,Chandani,Kashyap,Female,1969-07-04,A-,Married,Pharmacist,Pharmacy Manager,B.Pharm,Clinical Pharmacy,Full-time,5,\N,26,94322,2000-04-07,Evening,Active,chandani.kashyap324@apollohospital.com,9506373149,Emergency Contact,9501364971,Sister,System,System,2023-01-01,2025-01-01
325,EMP000325,Urvi,Narayanan,Female,1968-05-04,O+,Divorced,Technician,Senior Technician,MMLT,Laboratory,Full-time,1,\N,11,52520,2015-10-11,Morning,Active,urvi.narayanan325@apollohospital.com,9571509976,Emergency Contact,9838903091,Spouse,System,System,2023-01-01,2025-01-01
326,EMP000326,Kamala,Nadkarni,Female,1989-04-20,B+,Married,Technician,Chief Technician,BMLT,MRI,Full-time,4,\N,14,56854,2012-02-02,Morning,Active,kamala.nadkarni326@apollohospital.com,9630397524,Emergency Contact,9508640355,Mother,System,System,2023-01-01,2025-01-01
327,EMP000327,Simon,Pau,Female,1983-11-08,B-,Divorced,Doctor,Junior Resident,DM,Pulmonology,Contract,9,\N,2,83503,2024-11-23,Evening,Active,simon.pau327@apollohospital.com,9017130232,Emergency Contact,9129833816,Brother,System,System,2023-01-01,2025-01-01
328,EMP000328,Rudra,Sridhar,Female,1985-12-07,B+,Divorced,Technician,Senior Technician,DMLT,MRI,Full-time,3,\N,6,43137,2020-04-14,Evening,Active,rudra.sridhar328@apollohospital.com,9347156627,Emergency Contact,9768962706,Brother,System,System,2023-01-01,2025-01-01
329,EMP000329,Chandani,Dani,Female,2000-10-18,B+,Married,Admin,Executive,M.Com,Procurement,Contract,5,\N,5,37005,2021-03-18,General,Active,chandani.dani329@apollohospital.com,9468971527,Emergency Contact,9323008576,Brother,System,System,2023-01-01,2025-01-01
330,EMP000330,Forum,Som,Female,1979-06-13,A-,Married,Nurse,Chief Nursing Officer,GNM,ICU,Contract,11,\N,24,83152,2002-08-10,Night,Active,forum.som330@apollohospital.com,9236458750,Emergency Contact,9663370502,Spouse,System,System,2023-01-01,2025-01-01
331,EMP000331,Samuel,Agrawal,Male,1974-03-09,B+,Single,Pharmacist,Pharmacy Manager,D.Pharm,Clinical Pharmacy,Full-time,2,\N,22,90678,2004-04-20,Evening,Active,samuel.agrawal331@apollohospital.com,9691836264,Emergency Contact,9488694611,Sister,System,System,2023-01-01,2025-01-01
332,EMP000332,Neel,Sarraf,Female,1981-05-24,O+,Divorced,Pharmacist,Pharmacist,B.Pharm,Clinical Pharmacy,Full-time,8,\N,5,49379,2021-04-24,Evening,Active,neel.sarraf332@apollohospital.com,9011686462,Emergency Contact,9252237281,Brother,System,System,2023-01-01,2025-01-01
333,EMP000333,Hitesh,Andra,Female,1968-03-07,B+,Single,Nurse,Nursing Supervisor,B.Sc Nursing,Ward,Full-time,3,\N,14,63610,2012-01-24,Night,Active,hitesh.andra333@apollohospital.com,9912141614,Emergency Contact,9150937710,Father,System,System,2023-01-01,2025-01-01
334,EMP000334,Om,Shankar,Female,1987-11-19,B-,Divorced,Technician,Lab Technician,DMLT,CT Scan,Full-time,10,\N,1,36739,2025-01-04,Evening,Active,om.shankar334@apollohospital.com,9775965555,Emergency Contact,9356690551,Father,System,System,2023-01-01,2025-01-01
335,EMP000335,Kavya,Wali,Male,1976-12-27,A-,Divorced,Admin,Manager,B.Com,Finance,Contract,4,\N,26,69018,2000-03-01,General,Active,kavya.wali335@apollohospital.com,9978630505,Emergency Contact,9057397691,Spouse,System,System,2023-01-01,2025-01-01
336,EMP000336,Xavier,Dubey,Female,1976-11-28,O+,Married,Pharmacist,Pharmacy Manager,M.Pharm,Clinical Pharmacy,Full-time,8,\N,16,78032,2010-12-04,Morning,Active,xavier.dubey336@apollohospital.com,9898027148,Emergency Contact,9727178333,Mother,System,System,2023-01-01,2025-01-01
337,EMP000337,Girish,Agarwal,Male,1991-07-23,AB-,Married,Doctor,Junior Resident,MS,General Medicine,Contract,1,\N,2,87891,2024-01-06,Evening,Active,girish.agarwal337@apollohospital.com,9712871539,Emergency Contact,9915668633,Spouse,System,System,2023-01-01,2025-01-01
338,EMP000338,David,Suri,Male,1997-02-04,B-,Divorced,Nurse,Senior Nurse,GNM,NICU,Contract,4,\N,5,45012,2021-02-11,Morning,Active,david.suri338@apollohospital.com,9569040983,Emergency Contact,9665528993,Father,System,System,2023-01-01,2025-01-01
339,EMP000339,Vinaya,Brar,Male,1980-09-28,B+,Married,Admin,Executive,MBA,Procurement,Contract,8,\N,1,34070,2025-08-11,General,Active,vinaya.brar339@apollohospital.com,9294209548,Emergency Contact,9149737460,Spouse,System,System,2023-01-01,2025-01-01
340,EMP000340,Chanakya,Vala,Female,1994-12-26,A+,Single,Pharmacist,Pharmacist,B.Pharm,Inventory,Full-time,11,\N,4,49009,2022-04-23,Evening,Active,chanakya.vala340@apollohospital.com,9208656756,Emergency Contact,9618443861,Mother,System,System,2023-01-01,2025-01-01
341,EMP000341,Aradhana,Bajaj,Male,1984-01-28,O-,Divorced,Technician,Chief Technician,DMLT,Blood Bank,Contract,1,\N,19,65326,2007-12-10,Evening,Active,aradhana.bajaj341@apollohospital.com,9742333059,Emergency Contact,9126620157,Mother,System,System,2023-01-01,2025-01-01
342,EMP000342,Orinder,Tara,Female,2000-09-21,O+,Single,Pharmacist,Pharmacist,M.Pharm,Inventory,Contract,2,\N,1,42509,2025-06-19,Morning,Active,orinder.tara342@apollohospital.com,9013674926,Emergency Contact,9176475011,Father,System,System,2023-01-01,2025-01-01
343,EMP000343,Nakul,Ramesh,Female,1997-11-22,A+,Divorced,Technician,Senior Technician,MMLT,Blood Bank,Full-time,1,\N,8,48328,2018-09-08,Evening,Active,nakul.ramesh343@apollohospital.com,9192676492,Emergency Contact,9151826068,Sister,System,System,2023-01-01,2025-01-01
344,EMP000344,Ranbir,Dugar,Female,1972-02-17,A-,Single,Admin,Manager,BBA,Finance,Full-time,7,\N,32,82061,1994-10-18,General,Active,ranbir.dugar344@apollohospital.com,9087510293,Emergency Contact,9218401184,Spouse,System,System,2023-01-01,2025-01-01
345,EMP000345,Naveen,Wadhwa,Male,1969-07-22,AB+,Single,Pharmacist,Senior Pharmacist,M.Pharm,Retail Pharmacy,Full-time,5,\N,11,66599,2015-01-08,Evening,Active,naveen.wadhwa345@apollohospital.com,9297585988,Emergency Contact,9310303243,Mother,System,System,2023-01-01,2025-01-01
346,EMP000346,Baghyawati,Boase,Male,1961-10-12,O+,Single,Doctor,Senior Consultant,MCh,Pediatrics,Full-time,8,\N,14,144135,2012-05-05,Evening,Active,baghyawati.boase346@apollohospital.com,9267146283,Emergency Contact,9143598926,Mother,System,System,2023-01-01,2025-01-01
347,EMP000347,Riya,Nagarajan,Male,1984-07-01,A-,Married,Technician,Chief Technician,DMLT,Blood Bank,Contract,2,\N,14,56101,2012-10-08,Evening,Active,riya.nagarajan347@apollohospital.com,9151554234,Emergency Contact,9016361128,Spouse,System,System,2023-01-01,2025-01-01
348,EMP000348,Aayush,Bedi,Male,1973-09-12,AB+,Divorced,Technician,Senior Technician,BMLT,Blood Bank,Contract,1,\N,7,43411,2019-12-19,Morning,Active,aayush.bedi348@apollohospital.com,9256258896,Emergency Contact,9792408222,Brother,System,System,2023-01-01,2025-01-01
349,EMP000349,Aadi,Raval,Male,1969-01-24,B-,Divorced,Admin,Manager,M.Com,Procurement,Full-time,1,\N,18,55499,2008-11-12,General,Active,aadi.raval349@apollohospital.com,9578446834,Emergency Contact,9146511131,Mother,System,System,2023-01-01,2025-01-01
350,EMP000350,Abeer,Bhatti,Male,1967-02-24,O-,Single,Pharmacist,Pharmacist,B.Pharm,Inventory,Full-time,4,\N,4,49967,2022-05-18,Morning,Active,abeer.bhatti350@apollohospital.com,9778816093,Emergency Contact,9068538909,Brother,System,System,2023-01-01,2025-01-01
351,EMP000351,Leela,Misra,Female,1993-09-08,AB-,Single,Pharmacist,Senior Pharmacist,M.Pharm,Retail Pharmacy,Full-time,1,\N,11,69002,2015-03-03,Morning,Active,leela.misra351@apollohospital.com,9676251538,Emergency Contact,9144744309,Brother,System,System,2023-01-01,2025-01-01
352,EMP000352,Dipta,Menon,Male,1992-11-17,O-,Single,Admin,Senior Executive,B.Com,HR,Full-time,8,\N,10,47042,2016-01-15,General,Active,dipta.menon352@apollohospital.com,9545105265,Emergency Contact,9016731882,Brother,System,System,2023-01-01,2025-01-01
353,EMP000353,Pooja,Butala,Female,1997-01-05,B-,Married,Technician,Senior Technician,BMLT,MRI,Contract,8,\N,8,46851,2018-11-09,Evening,Active,pooja.butala353@apollohospital.com,9628417722,Emergency Contact,9560531340,Mother,System,System,2023-01-01,2025-01-01
354,EMP000354,Yash,Bhatti,Male,1980-12-11,B-,Married,Admin,Manager,B.Com,HR,Full-time,11,\N,14,51449,2012-01-06,General,Active,yash.bhatti354@apollohospital.com,9872568621,Emergency Contact,9102258030,Spouse,System,System,2023-01-01,2025-01-01
355,EMP000355,Ojas,Ganguly,Female,1978-12-01,AB+,Married,Admin,Manager,M.Com,HR,Contract,10,\N,20,63233,2006-07-16,General,Active,ojas.ganguly355@apollohospital.com,9392823414,Emergency Contact,9363718923,Sister,System,System,2023-01-01,2025-01-01
356,EMP000356,Lekha,Chowdhury,Female,1987-02-05,AB+,Single,Doctor,Consultant,MD,Radiology,Full-time,1,\N,4,92144,2022-07-02,Night,Active,lekha.chowdhury356@apollohospital.com,9310668433,Emergency Contact,9567086041,Spouse,System,System,2023-01-01,2025-01-01
357,EMP000357,Samarth,Sachar,Female,1981-06-23,AB-,Single,Technician,Senior Technician,DMLT,Radiology,Full-time,5,\N,9,46204,2017-07-08,Morning,Active,samarth.sachar357@apollohospital.com,9534749162,Emergency Contact,9475541108,Mother,System,System,2023-01-01,2025-01-01
358,EMP000358,Om,Prabhu,Female,1984-12-26,AB-,Single,Admin,Senior Executive,B.Com,Finance,Contract,2,\N,12,49786,2014-06-24,General,Active,om.prabhu358@apollohospital.com,9112910933,Emergency Contact,9711895473,Sister,System,System,2023-01-01,2025-01-01
359,EMP000359,Deepa,Ghosh,Female,1987-03-07,AB+,Divorced,Doctor,Junior Resident,MS,Pulmonology,Contract,11,\N,1,80673,2025-07-18,Night,Active,deepa.ghosh359@apollohospital.com,9161768802,Emergency Contact,9942409036,Brother,System,System,2023-01-01,2025-01-01
360,EMP000360,Rajeshri,Biswas,Male,1962-02-06,O+,Divorced,Doctor,Head Consultant,DM,Radiology,Full-time,10,\N,33,241974,1993-08-25,Evening,Active,rajeshri.biswas360@apollohospital.com,9320293908,Emergency Contact,9788443448,Father,System,System,2023-01-01,2025-01-01
361,EMP000361,Tanmayi,Kibe,Female,1995-01-18,A+,Divorced,Admin,Executive,MBA,Operations,Contract,5,\N,4,40596,2022-04-10,General,Active,tanmayi.kibe361@apollohospital.com,9403381059,Emergency Contact,9551842694,Spouse,System,System,2023-01-01,2025-01-01
362,EMP000362,Aachal,Pradhan,Female,1993-01-27,AB+,Single,Doctor,Consultant,MS,Cardiology,Contract,2,\N,6,106402,2020-06-08,Night,Active,aachal.pradhan362@apollohospital.com,9916498373,Emergency Contact,9543962736,Spouse,System,System,2023-01-01,2025-01-01
363,EMP000363,Netra,Soni,Male,1996-02-16,B+,Single,Admin,Senior Executive,MBA,Procurement,Contract,2,\N,8,46727,2018-03-15,General,Active,netra.soni363@apollohospital.com,9404226931,Emergency Contact,9216376182,Father,System,System,2023-01-01,2025-01-01
364,EMP000364,Yashawini,Merchant,Female,1990-07-01,A+,Divorced,Doctor,Consultant,MBBS,Orthopedics,Contract,10,\N,7,109034,2019-02-27,Morning,Active,yashawini.merchant364@apollohospital.com,9429001851,Emergency Contact,9327972457,Mother,System,System,2023-01-01,2025-01-01
365,EMP000365,Hredhaan,Sathe,Male,1990-09-23,A-,Single,Admin,Executive,BBA,HR,Full-time,2,\N,2,34461,2024-05-21,General,Active,hredhaan.sathe365@apollohospital.com,9186203036,Emergency Contact,9625436172,Father,System,System,2023-01-01,2025-01-01
366,EMP000366,Leela,Madan,Female,1989-05-12,AB-,Single,Pharmacist,Pharmacist,B.Pharm,Clinical Pharmacy,Full-time,5,\N,2,48736,2024-02-20,Morning,Active,leela.madan366@apollohospital.com,9922685926,Emergency Contact,9249451475,Spouse,System,System,2023-01-01,2025-01-01
367,EMP000367,Mohammed,Doshi,Male,2000-03-25,AB-,Single,Technician,Lab Technician,BMLT,CT Scan,Full-time,10,\N,1,37709,2025-11-05,Evening,Active,mohammed.doshi367@apollohospital.com,9119642152,Emergency Contact,9265576769,Spouse,System,System,2023-01-01,2025-01-01
368,EMP000368,Chandani,Ratti,Male,1988-04-13,O-,Divorced,Doctor,Senior Consultant,MCh,Oncology,Full-time,7,\N,11,131362,2015-07-18,Night,Active,chandani.ratti368@apollohospital.com,9361968931,Emergency Contact,9350305872,Father,System,System,2023-01-01,2025-01-01
369,EMP000369,Zashil,Natarajan,Female,2002-06-28,O-,Single,Admin,Executive,M.Com,Finance,Contract,8,\N,3,33226,2023-03-10,General,Active,zashil.natarajan369@apollohospital.com,9021260650,Emergency Contact,9191792025,Mother,System,System,2023-01-01,2025-01-01
370,EMP000370,Harshil,Goswami,Female,1999-02-01,O+,Single,Technician,Lab Technician,DMLT,CT Scan,Contract,10,\N,2,39691,2024-10-27,Morning,Active,harshil.goswami370@apollohospital.com,9847657041,Emergency Contact,9200928206,Brother,System,System,2023-01-01,2025-01-01
371,EMP000371,Xiti,Deep,Female,1975-12-27,AB+,Divorced,Nurse,Chief Nursing Officer,GNM,Ward,Full-time,3,\N,18,75630,2008-05-19,Morning,Active,xiti.deep371@apollohospital.com,9418623690,Emergency Contact,9362891775,Brother,System,System,2023-01-01,2025-01-01
372,EMP000372,Anusha,Mani,Male,1972-01-26,O+,Single,Doctor,Consultant,MS,Neurology,Contract,7,\N,6,102855,2020-06-21,Morning,Active,anusha.mani372@apollohospital.com,9595034281,Emergency Contact,9139043830,Mother,System,System,2023-01-01,2025-01-01
373,EMP000373,Lakshit,Doshi,Female,1986-10-19,O-,Single,Pharmacist,Pharmacist,D.Pharm,Retail Pharmacy,Full-time,8,\N,3,44363,2023-01-19,Evening,Active,lakshit.doshi373@apollohospital.com,9054683565,Emergency Contact,9215681820,Sister,System,System,2023-01-01,2025-01-01
374,EMP000374,Vritti,Acharya,Female,1981-10-28,B+,Single,Admin,Manager,M.Com,HR,Contract,7,\N,16,58251,2010-01-10,General,Active,vritti.acharya374@apollohospital.com,9332288985,Emergency Contact,9725459606,Mother,System,System,2023-01-01,2025-01-01
375,EMP000375,Alka,Buch,Female,1990-10-03,O-,Single,Pharmacist,Senior Pharmacist,D.Pharm,Clinical Pharmacy,Full-time,3,\N,10,65277,2016-03-19,Evening,Active,alka.buch375@apollohospital.com,9817175242,Emergency Contact,9149551127,Spouse,System,System,2023-01-01,2025-01-01
376,EMP000376,Ekantika,Shah,Female,1973-08-21,O-,Single,Pharmacist,Senior Pharmacist,B.Pharm,Retail Pharmacy,Contract,4,\N,9,60084,2017-03-04,Evening,Active,ekantika.shah376@apollohospital.com,9927589551,Emergency Contact,9687409038,Father,System,System,2023-01-01,2025-01-01
377,EMP000377,Ranbir,Agrawal,Male,1994-05-13,O+,Single,Pharmacist,Pharmacist,D.Pharm,Retail Pharmacy,Full-time,10,\N,2,48561,2024-03-19,Evening,Active,ranbir.agrawal377@apollohospital.com,9157787112,Emergency Contact,9166365155,Sister,System,System,2023-01-01,2025-01-01
378,EMP000378,Harrison,Devi,Male,1973-12-24,AB+,Married,Nurse,Nursing Supervisor,GNM,NICU,Contract,8,\N,14,61275,2012-08-04,Evening,Active,harrison.devi378@apollohospital.com,9235909605,Emergency Contact,9673030644,Mother,System,System,2023-01-01,2025-01-01
379,EMP000379,Pranit,Parmer,Female,1991-02-09,AB+,Divorced,Doctor,Junior Resident,DM,Radiology,Contract,8,\N,3,91298,2023-07-03,Morning,Active,pranit.parmer379@apollohospital.com,9420165423,Emergency Contact,9567782659,Brother,System,System,2023-01-01,2025-01-01
380,EMP000380,Tanish,Ghose,Male,2005-10-07,B+,Married,Admin,Executive,B.Com,HR,Contract,9,\N,3,32732,2023-02-24,General,Active,tanish.ghose380@apollohospital.com,9275164807,Emergency Contact,9279103368,Mother,System,System,2023-01-01,2025-01-01
381,EMP000381,Garima,Luthra,Male,1972-06-07,A+,Married,Doctor,Consultant,MS,Cardiology,Full-time,1,\N,7,109473,2019-04-22,Evening,Active,garima.luthra381@apollohospital.com,9817766558,Emergency Contact,9685127652,Sister,System,System,2023-01-01,2025-01-01
382,EMP000382,Om,Tripathi,Female,1993-07-13,O+,Divorced,Pharmacist,Senior Pharmacist,B.Pharm,Inventory,Full-time,4,\N,9,61882,2017-05-28,Morning,Active,om.tripathi382@apollohospital.com,9111096179,Emergency Contact,9817890463,Mother,System,System,2023-01-01,2025-01-01
383,EMP000383,Dalaja,Manda,Male,1974-07-04,O-,Single,Pharmacist,Pharmacy Manager,B.Pharm,Retail Pharmacy,Full-time,10,\N,18,79982,2008-04-28,Evening,Active,dalaja.manda383@apollohospital.com,9053844446,Emergency Contact,9306000258,Sister,System,System,2023-01-01,2025-01-01
384,EMP000384,Arya,Goswami,Male,1983-03-19,O+,Single,Pharmacist,Senior Pharmacist,M.Pharm,Inventory,Full-time,3,\N,11,64422,2015-07-08,Morning,Active,arya.goswami384@apollohospital.com,9962626582,Emergency Contact,9631281964,Sister,System,System,2023-01-01,2025-01-01
385,EMP000385,Pratyush,Mann,Male,1994-04-03,O+,Single,Technician,Senior Technician,MMLT,Blood Bank,Contract,6,\N,6,42053,2020-02-01,Morning,Active,pratyush.mann385@apollohospital.com,9981960275,Emergency Contact,9233438364,Father,System,System,2023-01-01,2025-01-01
386,EMP000386,Chatura,Memon,Male,1987-03-21,A-,Single,Technician,Lab Technician,BMLT,Blood Bank,Contract,3,\N,3,36405,2023-01-21,Morning,Active,chatura.memon386@apollohospital.com,9244211753,Emergency Contact,9617061713,Brother,System,System,2023-01-01,2025-01-01
387,EMP000387,Onveer,Memon,Female,1972-11-15,AB+,Single,Doctor,Senior Consultant,MD,Cardiology,Full-time,11,\N,11,127960,2015-03-06,Evening,Active,onveer.memon387@apollohospital.com,9579980284,Emergency Contact,9139080882,Mother,System,System,2023-01-01,2025-01-01
388,EMP000388,Ekavir,Chahal,Female,1982-04-01,B-,Single,Admin,Executive,MBA,Operations,Full-time,9,\N,4,35241,2022-06-05,General,Active,ekavir.chahal388@apollohospital.com,9315847768,Emergency Contact,9634234619,Sister,System,System,2023-01-01,2025-01-01
389,EMP000389,Advik,Magar,Male,1984-04-24,O-,Married,Pharmacist,Senior Pharmacist,M.Pharm,Inventory,Full-time,9,\N,6,52425,2020-08-14,Evening,Active,advik.magar389@apollohospital.com,9919663955,Emergency Contact,9172084964,Sister,System,System,2023-01-01,2025-01-01
390,EMP000390,Chandresh,Saxena,Female,1971-07-01,AB-,Married,Technician,Chief Technician,DMLT,MRI,Contract,10,\N,23,73409,2003-02-06,Morning,Active,chandresh.saxena390@apollohospital.com,9355251050,Emergency Contact,9537953816,Spouse,System,System,2023-01-01,2025-01-01
391,EMP000391,Eiravati,Dua,Female,1991-04-04,A-,Divorced,Technician,Senior Technician,MMLT,CT Scan,Contract,4,\N,9,51788,2017-09-09,Evening,Active,eiravati.dua391@apollohospital.com,9553307704,Emergency Contact,9611729596,Mother,System,System,2023-01-01,2025-01-01
392,EMP000392,Saanvi,Prabhu,Male,1969-05-01,A+,Married,Admin,Executive,B.Com,Finance,Contract,5,\N,2,36894,2024-11-26,General,Active,saanvi.prabhu392@apollohospital.com,9088050171,Emergency Contact,9644556185,Brother,System,System,2023-01-01,2025-01-01
393,EMP000393,Urishilla,Bhattacharyya,Female,1993-05-23,A-,Married,Doctor,Consultant,MCh,Neurology,Contract,11,\N,4,92239,2022-08-16,Morning,Active,urishilla.bhattacharyya393@apollohospital.com,9002156321,Emergency Contact,9358004010,Spouse,System,System,2023-01-01,2025-01-01
394,EMP000394,Liam,Walla,Male,2000-06-23,O+,Married,Technician,Lab Technician,MMLT,Laboratory,Contract,11,\N,3,42976,2023-10-26,Morning,Active,liam.walla394@apollohospital.com,9971252967,Emergency Contact,9188397745,Brother,System,System,2023-01-01,2025-01-01
395,EMP000395,Upadhriti,More,Female,1990-05-25,A-,Married,Nurse,Staff Nurse,M.Sc Nursing,Emergency,Contract,3,\N,2,41402,2024-05-23,Night,Active,upadhriti.more395@apollohospital.com,9311703037,Emergency Contact,9637153988,Spouse,System,System,2023-01-01,2025-01-01
396,EMP000396,Nilima,Varkey,Male,1977-11-05,B+,Single,Doctor,Senior Consultant,MS,Radiology,Contract,1,\N,15,154987,2011-09-04,Evening,Active,nilima.varkey396@apollohospital.com,9983631462,Emergency Contact,9491271130,Brother,System,System,2023-01-01,2025-01-01
397,EMP000397,Girik,Hora,Male,1985-01-16,O-,Married,Doctor,Consultant,MS,Neurology,Contract,6,\N,5,104593,2021-11-17,Night,Active,girik.hora397@apollohospital.com,9156326868,Emergency Contact,9507451066,Mother,System,System,2023-01-01,2025-01-01
398,EMP000398,Pavani,Mahajan,Female,1978-07-06,O-,Divorced,Doctor,Consultant,DM,Neurology,Contract,1,\N,7,112580,2019-10-09,Morning,Active,pavani.mahajan398@apollohospital.com,9313100943,Emergency Contact,9181439666,Father,System,System,2023-01-01,2025-01-01
399,EMP000399,Indali,Kakar,Male,1991-08-07,B-,Married,Admin,Senior Executive,B.Com,Operations,Contract,6,\N,9,46511,2017-03-26,General,Active,indali.kakar399@apollohospital.com,9128974325,Emergency Contact,9122572076,Spouse,System,System,2023-01-01,2025-01-01
400,EMP000400,Aarna,Swaminathan,Male,2003-05-03,A+,Divorced,Technician,Lab Technician,BMLT,CT Scan,Full-time,7,\N,1,36577,2025-03-22,Morning,Active,aarna.swaminathan400@apollohospital.com,9737100943,Emergency Contact,9882211457,Brother,System,System,2023-01-01,2025-01-01
401,EMP000401,Niharika,Balasubramanian,Male,1982-05-22,AB-,Married,Technician,Chief Technician,DMLT,MRI,Contract,7,\N,18,64866,2008-08-09,Evening,Active,niharika.balasubramanian401@apollohospital.com,9897148026,Emergency Contact,9325703965,Mother,System,System,2023-01-01,2025-01-01
402,EMP000402,Unni,Parsa,Female,1999-07-21,O-,Divorced,Technician,Lab Technician,DMLT,MRI,Full-time,7,\N,2,41057,2024-02-09,Evening,Active,unni.parsa402@apollohospital.com,9569644309,Emergency Contact,9859167954,Father,System,System,2023-01-01,2025-01-01
403,EMP000403,Dalaja,Kulkarni,Female,2003-11-05,B+,Divorced,Pharmacist,Pharmacist,B.Pharm,Inventory,Full-time,10,\N,1,43772,2025-08-22,Morning,Active,dalaja.kulkarni403@apollohospital.com,9474140703,Emergency Contact,9491074065,Father,System,System,2023-01-01,2025-01-01
404,EMP000404,Amrita,Khalsa,Female,2001-03-12,B+,Single,Nurse,Staff Nurse,M.Sc Nursing,OT,Contract,3,\N,3,39168,2023-05-26,Night,Active,amrita.khalsa404@apollohospital.com,9369143075,Emergency Contact,9366614494,Mother,System,System,2023-01-01,2025-01-01
405,EMP000405,Ishita,Chahal,Female,1968-11-11,B-,Married,Technician,Chief Technician,DMLT,CT Scan,Contract,6,\N,28,84940,1998-10-05,Morning,Active,ishita.chahal405@apollohospital.com,9441497826,Emergency Contact,9612875857,Spouse,System,System,2023-01-01,2025-01-01
406,EMP000406,Nachiket,Sarna,Female,1976-07-14,A+,Married,Pharmacist,Pharmacy Manager,D.Pharm,Clinical Pharmacy,Full-time,9,\N,15,75039,2011-08-01,Evening,Active,nachiket.sarna406@apollohospital.com,9398529894,Emergency Contact,9062607870,Father,System,System,2023-01-01,2025-01-01
407,EMP000407,Oni,Keer,Female,1993-11-04,A-,Married,Doctor,Junior Resident,MCh,Oncology,Contract,6,\N,3,92657,2023-06-20,Evening,Active,oni.keer407@apollohospital.com,9019803828,Emergency Contact,9723244079,Mother,System,System,2023-01-01,2025-01-01
408,EMP000408,Bhavna,Jha,Male,1997-01-05,A-,Single,Nurse,Staff Nurse,GNM,ICU,Full-time,6,\N,2,39880,2024-10-04,Morning,Active,bhavna.jha408@apollohospital.com,9876014672,Emergency Contact,9384979162,Father,System,System,2023-01-01,2025-01-01
409,EMP000409,Jalsa,Lalla,Male,1985-12-22,B-,Married,Doctor,Junior Resident,DM,Pediatrics,Full-time,3,\N,3,89371,2023-04-06,Night,Active,jalsa.lalla409@apollohospital.com,9197546617,Emergency Contact,9662047196,Father,System,System,2023-01-01,2025-01-01
410,EMP000410,Jack,Iyengar,Male,1968-01-21,O-,Single,Admin,Manager,B.Com,Finance,Contract,3,\N,20,60833,2006-11-22,General,Active,jack.iyengar410@apollohospital.com,9402588358,Emergency Contact,9681225957,Mother,System,System,2023-01-01,2025-01-01
411,EMP000411,Omkaar,Bhatnagar,Female,1988-07-03,O+,Married,Admin,Senior Executive,MBA,Operations,Full-time,2,\N,10,43060,2016-11-16,General,Active,omkaar.bhatnagar411@apollohospital.com,9995996100,Emergency Contact,9231177533,Father,System,System,2023-01-01,2025-01-01
412,EMP000412,Zaitra,Dewan,Male,1993-07-25,A+,Divorced,Nurse,Nursing Supervisor,B.Sc Nursing,ICU,Contract,7,\N,12,56306,2014-07-03,Night,Active,zaitra.dewan412@apollohospital.com,9175902517,Emergency Contact,9629833477,Spouse,System,System,2023-01-01,2025-01-01
413,EMP000413,Omaja,Manda,Female,1982-12-06,B-,Single,Doctor,Consultant,MCh,Cardiology,Full-time,9,\N,7,112153,2019-07-27,Night,Active,omaja.manda413@apollohospital.com,9130205698,Emergency Contact,9152873397,Sister,System,System,2023-01-01,2025-01-01
414,EMP000414,Edhitha,Dube,Male,1982-10-18,A-,Married,Technician,Senior Technician,BMLT,CT Scan,Full-time,3,\N,12,58759,2014-03-26,Morning,Active,edhitha.dube414@apollohospital.com,9912841173,Emergency Contact,9098503446,Spouse,System,System,2023-01-01,2025-01-01
415,EMP000415,Tristan,Bumb,Male,2001-03-10,B-,Divorced,Admin,Senior Executive,B.Com,Procurement,Contract,7,\N,7,42567,2019-02-18,General,Active,tristan.bumb415@apollohospital.com,9819740056,Emergency Contact,9435023850,Mother,System,System,2023-01-01,2025-01-01
416,EMP000416,Jacob,Das,Male,1974-10-20,A+,Married,Admin,Executive,BBA,Procurement,Full-time,11,\N,5,39400,2021-12-27,General,Active,jacob.das416@apollohospital.com,9872401078,Emergency Contact,9356743000,Mother,System,System,2023-01-01,2025-01-01
417,EMP000417,Qushi,Das,Female,1970-11-22,O-,Single,Technician,Chief Technician,BMLT,CT Scan,Contract,5,\N,25,80697,2001-12-01,Morning,Active,qushi.das417@apollohospital.com,9668217195,Emergency Contact,9535603319,Father,System,System,2023-01-01,2025-01-01
418,EMP000418,Lajita,Bhargava,Female,1991-12-25,A+,Single,Admin,Manager,MBA,HR,Contract,4,\N,14,48627,2012-09-19,General,Active,lajita.bhargava418@apollohospital.com,9272405593,Emergency Contact,9429671114,Sister,System,System,2023-01-01,2025-01-01
419,EMP000419,Logan,Randhawa,Male,1991-12-24,B-,Married,Nurse,Senior Nurse,M.Sc Nursing,OT,Contract,3,\N,8,55712,2018-06-28,Evening,Active,logan.randhawa419@apollohospital.com,9843845881,Emergency Contact,9056974132,Sister,System,System,2023-01-01,2025-01-01
420,EMP000420,Ekiya,Mital,Male,1990-12-18,AB-,Divorced,Technician,Senior Technician,DMLT,Radiology,Full-time,8,\N,10,49925,2016-04-04,Evening,Active,ekiya.mital420@apollohospital.com,9710704496,Emergency Contact,9410496706,Brother,System,System,2023-01-01,2025-01-01
421,EMP000421,Yutika,Bose,Female,1976-04-07,O+,Divorced,Technician,Lab Technician,DMLT,MRI,Full-time,2,\N,2,33856,2024-07-06,Evening,Active,yutika.bose421@apollohospital.com,9095493059,Emergency Contact,9660186487,Brother,System,System,2023-01-01,2025-01-01
422,EMP000422,Triya,Shetty,Female,1963-03-13,B-,Single,Doctor,Head Consultant,MBBS,Pediatrics,Full-time,4,\N,17,163550,2009-08-24,Night,Active,triya.shetty422@apollohospital.com,9413845960,Emergency Contact,9945449014,Sister,System,System,2023-01-01,2025-01-01
423,EMP000423,Balvan,Jani,Female,1984-03-15,O-,Single,Nurse,Nursing Supervisor,B.Sc Nursing,ICU,Full-time,9,\N,9,57912,2017-08-01,Evening,Active,balvan.jani423@apollohospital.com,9783609149,Emergency Contact,9851724447,Mother,System,System,2023-01-01,2025-01-01
424,EMP000424,Warhi,Kumer,Female,1990-03-28,A+,Single,Technician,Senior Technician,DMLT,Radiology,Contract,9,\N,6,42309,2020-10-21,Evening,Active,warhi.kumer424@apollohospital.com,9950830440,Emergency Contact,9580935118,Brother,System,System,2023-01-01,2025-01-01
425,EMP000425,Arunima,Saraf,Male,1989-02-08,AB-,Divorced,Doctor,Senior Consultant,DM,Neurology,Full-time,8,\N,9,122258,2017-04-11,Evening,Active,arunima.saraf425@apollohospital.com,9420595565,Emergency Contact,9749025042,Sister,System,System,2023-01-01,2025-01-01
426,EMP000426,Ranveer,Salvi,Male,2004-10-07,AB-,Single,Admin,Executive,M.Com,HR,Full-time,5,\N,1,33882,2025-06-17,General,Active,ranveer.salvi426@apollohospital.com,9611398986,Emergency Contact,9818097887,Spouse,System,System,2023-01-01,2025-01-01
427,EMP000427,Varsha,Bandi,Female,1988-10-10,B-,Married,Admin,Senior Executive,MBA,Procurement,Contract,8,\N,7,40078,2019-04-11,General,Active,varsha.bandi427@apollohospital.com,9376515881,Emergency Contact,9579376392,Sister,System,System,2023-01-01,2025-01-01
428,EMP000428,Logan,Morar,Male,1981-11-19,AB+,Married,Doctor,Senior Consultant,MS,Pulmonology,Contract,2,\N,14,142966,2012-11-05,Morning,Active,logan.morar428@apollohospital.com,9668297327,Emergency Contact,9021648712,Father,System,System,2023-01-01,2025-01-01
429,EMP000429,Vivaan,Mall,Female,1978-12-06,O+,Married,Admin,Executive,B.Com,Finance,Full-time,2,\N,1,31795,2025-02-05,General,Active,vivaan.mall429@apollohospital.com,9415599910,Emergency Contact,9157676472,Mother,System,System,2023-01-01,2025-01-01
430,EMP000430,Charita,Raju,Male,1966-02-05,AB-,Divorced,Pharmacist,Pharmacy Manager,M.Pharm,Retail Pharmacy,Full-time,4,\N,33,112707,1993-01-19,Evening,Active,charita.raju430@apollohospital.com,9728941347,Emergency Contact,9509889864,Spouse,System,System,2023-01-01,2025-01-01
431,EMP000431,Ridhi,Khosla,Female,1980-03-05,B-,Married,Technician,Senior Technician,MMLT,MRI,Full-time,1,\N,11,54511,2015-01-27,Evening,Active,ridhi.khosla431@apollohospital.com,9154214477,Emergency Contact,9324491342,Father,System,System,2023-01-01,2025-01-01
432,EMP000432,Ojas,Bahl,Male,1991-09-25,A+,Divorced,Nurse,Nursing Supervisor,M.Sc Nursing,Emergency,Full-time,4,\N,9,50054,2017-03-01,Evening,Active,ojas.bahl432@apollohospital.com,9053496782,Emergency Contact,9741176741,Mother,System,System,2023-01-01,2025-01-01
433,EMP000433,Ira,Dara,Male,1987-06-26,B-,Divorced,Nurse,Senior Nurse,GNM,OT,Full-time,7,\N,4,41283,2022-02-24,Night,Active,ira.dara433@apollohospital.com,9547815061,Emergency Contact,9853800329,Brother,System,System,2023-01-01,2025-01-01
434,EMP000434,Pranit,Oza,Male,1990-04-09,O-,Single,Nurse,Nursing Supervisor,M.Sc Nursing,Ward,Contract,7,\N,11,56315,2015-08-05,Morning,Active,pranit.oza434@apollohospital.com,9318306178,Emergency Contact,9932064969,Mother,System,System,2023-01-01,2025-01-01
435,EMP000435,Chaman,Bhandari,Female,1982-09-22,B-,Married,Technician,Chief Technician,MMLT,CT Scan,Contract,7,\N,16,62815,2010-03-10,Evening,Active,chaman.bhandari435@apollohospital.com,9958741314,Emergency Contact,9675361275,Father,System,System,2023-01-01,2025-01-01
436,EMP000436,Pavani,Ahluwalia,Female,1974-07-23,O-,Married,Doctor,Head Consultant,MCh,Radiology,Contract,5,\N,23,192629,2003-03-25,Morning,Active,pavani.ahluwalia436@apollohospital.com,9044836085,Emergency Contact,9456676640,Spouse,System,System,2023-01-01,2025-01-01
437,EMP000437,Manbir,Narasimhan,Female,1973-06-21,O-,Married,Nurse,Nursing Supervisor,GNM,NICU,Contract,11,\N,15,69173,2011-01-10,Morning,Active,manbir.narasimhan437@apollohospital.com,9831995298,Emergency Contact,9006155810,Sister,System,System,2023-01-01,2025-01-01
438,EMP000438,Azad,Buch,Female,1991-09-07,O+,Divorced,Technician,Senior Technician,DMLT,MRI,Full-time,8,\N,6,47364,2020-03-27,Morning,Active,azad.buch438@apollohospital.com,9556383000,Emergency Contact,9818670244,Father,System,System,2023-01-01,2025-01-01
439,EMP000439,Ekta,Virk,Female,1990-12-08,A-,Married,Nurse,Nursing Supervisor,M.Sc Nursing,Ward,Full-time,3,\N,11,55074,2015-01-09,Night,Active,ekta.virk439@apollohospital.com,9411186008,Emergency Contact,9921963945,Brother,System,System,2023-01-01,2025-01-01
440,EMP000440,Urvi,Anne,Male,1971-05-09,A-,Married,Pharmacist,Pharmacist,M.Pharm,Inventory,Full-time,4,\N,2,45261,2024-08-07,Evening,Active,urvi.anne440@apollohospital.com,9461368474,Emergency Contact,9883607658,Father,System,System,2023-01-01,2025-01-01
441,EMP000441,Kashvi,Nori,Male,1977-10-01,B-,Married,Admin,Senior Executive,B.Com,Procurement,Full-time,8,\N,8,43613,2018-07-25,General,Active,kashvi.nori441@apollohospital.com,9452118237,Emergency Contact,9931269789,Mother,System,System,2023-01-01,2025-01-01
442,EMP000442,Ekani,Ramakrishnan,Female,2001-05-14,AB-,Single,Nurse,Senior Nurse,GNM,OT,Full-time,5,\N,4,45644,2022-05-24,Night,Active,ekani.ramakrishnan442@apollohospital.com,9960438787,Emergency Contact,9535778811,Brother,System,System,2023-01-01,2025-01-01
443,EMP000443,Nandini,Wali,Female,2001-03-25,A-,Single,Admin,Executive,MBA,Procurement,Full-time,6,\N,4,40124,2022-01-06,General,Active,nandini.wali443@apollohospital.com,9067287286,Emergency Contact,9604164485,Sister,System,System,2023-01-01,2025-01-01
444,EMP000444,Tripti,Mane,Female,1982-11-06,B-,Divorced,Admin,Manager,B.Com,Operations,Contract,9,\N,19,59367,2007-03-10,General,Active,tripti.mane444@apollohospital.com,9352287056,Emergency Contact,9227104331,Sister,System,System,2023-01-01,2025-01-01
445,EMP000445,Azad,Vora,Male,1974-02-02,B+,Single,Pharmacist,Senior Pharmacist,B.Pharm,Inventory,Full-time,7,\N,11,65780,2015-10-15,Morning,Active,azad.vora445@apollohospital.com,9503446945,Emergency Contact,9964883192,Father,System,System,2023-01-01,2025-01-01
446,EMP000446,Divya,Kibe,Female,1991-03-09,B+,Divorced,Technician,Lab Technician,MMLT,CT Scan,Full-time,6,\N,5,41704,2021-10-04,Evening,Active,divya.kibe446@apollohospital.com,9973203319,Emergency Contact,9222705102,Sister,System,System,2023-01-01,2025-01-01
447,EMP000447,Nidra,Sarma,Female,1976-11-16,A-,Single,Technician,Chief Technician,MMLT,CT Scan,Contract,2,\N,14,58290,2012-06-10,Evening,Active,nidra.sarma447@apollohospital.com,9754858193,Emergency Contact,9242687741,Sister,System,System,2023-01-01,2025-01-01
448,EMP000448,Tarak,Wali,Male,1977-06-06,AB-,Married,Nurse,Chief Nursing Officer,M.Sc Nursing,OT,Contract,2,\N,21,79967,2005-01-28,Evening,Active,tarak.wali448@apollohospital.com,9398365203,Emergency Contact,9758309451,Spouse,System,System,2023-01-01,2025-01-01
449,EMP000449,Damini,Deol,Female,1980-01-20,AB+,Divorced,Doctor,Head Consultant,DM,Radiology,Full-time,8,\N,17,157359,2009-05-02,Night,Active,damini.deol449@apollohospital.com,9440907977,Emergency Contact,9278105092,Mother,System,System,2023-01-01,2025-01-01
450,EMP000450,Akshay,Handa,Female,1997-07-27,O-,Divorced,Admin,Executive,BBA,Operations,Full-time,11,\N,2,30798,2024-02-02,General,Active,akshay.handa450@apollohospital.com,9390552958,Emergency Contact,9066013824,Father,System,System,2023-01-01,2025-01-01
451,EMP000451,Benjamin,Johal,Female,1993-01-09,O+,Single,Nurse,Senior Nurse,M.Sc Nursing,ICU,Full-time,7,\N,8,50549,2018-10-07,Evening,Active,benjamin.johal451@apollohospital.com,9851579197,Emergency Contact,9111212590,Mother,System,System,2023-01-01,2025-01-01
452,EMP000452,Nitara,Nagy,Male,2004-11-12,B-,Married,Nurse,Staff Nurse,M.Sc Nursing,Emergency,Contract,10,\N,1,40122,2025-08-03,Night,Active,nitara.nagy452@apollohospital.com,9240642429,Emergency Contact,9563343244,Brother,System,System,2023-01-01,2025-01-01
453,EMP000453,Janaki,Gaba,Male,1989-08-12,AB-,Divorced,Admin,Executive,M.Com,Finance,Contract,1,\N,3,31800,2023-10-12,General,Active,janaki.gaba453@apollohospital.com,9289365435,Emergency Contact,9884183437,Spouse,System,System,2023-01-01,2025-01-01
454,EMP000454,Krisha,Kara,Male,2002-09-22,O-,Single,Technician,Lab Technician,BMLT,Blood Bank,Full-time,6,\N,1,34445,2025-11-06,Evening,Active,krisha.kara454@apollohospital.com,9969051502,Emergency Contact,9675512542,Brother,System,System,2023-01-01,2025-01-01
455,EMP000455,Rachit,Lad,Male,1962-01-15,O+,Divorced,Doctor,Senior Consultant,DM,Oncology,Full-time,7,\N,12,138832,2014-10-15,Morning,Active,rachit.lad455@apollohospital.com,9459576403,Emergency Contact,9816649690,Mother,System,System,2023-01-01,2025-01-01
456,EMP000456,Chanchal,Sankar,Male,1972-05-20,B-,Divorced,Technician,Senior Technician,DMLT,Laboratory,Contract,7,\N,11,55234,2015-12-17,Evening,Active,chanchal.sankar456@apollohospital.com,9014257627,Emergency Contact,9023244123,Mother,System,System,2023-01-01,2025-01-01
457,EMP000457,Ansh,Dasgupta,Male,1977-12-08,AB-,Single,Technician,Lab Technician,BMLT,Laboratory,Full-time,1,\N,3,38223,2023-03-22,Morning,Active,ansh.dasgupta457@apollohospital.com,9786376731,Emergency Contact,9625265469,Brother,System,System,2023-01-01,2025-01-01
458,EMP000458,Zarna,Bhattacharyya,Female,1970-06-16,A+,Single,Nurse,Senior Nurse,M.Sc Nursing,Emergency,Contract,1,\N,5,48290,2021-11-24,Morning,Active,zarna.bhattacharyya458@apollohospital.com,9555809961,Emergency Contact,9327303461,Spouse,System,System,2023-01-01,2025-01-01
459,EMP000459,Rachita,Kaul,Male,1980-03-14,AB+,Married,Nurse,Chief Nursing Officer,M.Sc Nursing,Ward,Contract,5,\N,21,74285,2005-03-10,Evening,Active,rachita.kaul459@apollohospital.com,9622681715,Emergency Contact,9160252986,Brother,System,System,2023-01-01,2025-01-01
460,EMP000460,Janaki,Narang,Female,2005-11-22,A+,Married,Admin,Executive,M.Com,Operations,Full-time,7,\N,2,36078,2024-07-14,General,Active,janaki.narang460@apollohospital.com,9978575851,Emergency Contact,9268612059,Spouse,System,System,2023-01-01,2025-01-01
461,EMP000461,Girish,Tandon,Male,1993-10-24,A+,Married,Admin,Senior Executive,B.Com,HR,Contract,9,\N,9,41495,2017-08-14,General,Active,girish.tandon461@apollohospital.com,9750954654,Emergency Contact,9084245607,Spouse,System,System,2023-01-01,2025-01-01
462,EMP000462,Prisha,Kibe,Female,1985-01-20,A+,Divorced,Technician,Chief Technician,MMLT,CT Scan,Full-time,4,\N,21,69836,2005-02-12,Morning,Active,prisha.kibe462@apollohospital.com,9181227645,Emergency Contact,9793897015,Spouse,System,System,2023-01-01,2025-01-01
463,EMP000463,Mason,Sarkar,Female,2002-10-24,A-,Married,Technician,Lab Technician,MMLT,Radiology,Full-time,3,\N,2,36367,2024-11-26,Evening,Active,mason.sarkar463@apollohospital.com,9660241613,Emergency Contact,9944988305,Sister,System,System,2023-01-01,2025-01-01
464,EMP000464,Wyatt,Solanki,Female,1974-07-09,B+,Married,Technician,Chief Technician,MMLT,Radiology,Contract,11,\N,14,60153,2012-12-23,Evening,Active,wyatt.solanki464@apollohospital.com,9244063062,Emergency Contact,9447951330,Spouse,System,System,2023-01-01,2025-01-01
465,EMP000465,Yatan,Bail,Female,1990-10-10,O-,Divorced,Technician,Lab Technician,BMLT,Blood Bank,Full-time,7,\N,3,38093,2023-12-23,Evening,Active,yatan.bail465@apollohospital.com,9780555572,Emergency Contact,9773826460,Sister,System,System,2023-01-01,2025-01-01
466,EMP000466,Yagnesh,Dave,Male,1999-08-18,B-,Divorced,Technician,Senior Technician,MMLT,MRI,Full-time,5,\N,6,43290,2020-06-03,Evening,Active,yagnesh.dave466@apollohospital.com,9577029929,Emergency Contact,9596604873,Brother,System,System,2023-01-01,2025-01-01
467,EMP000467,Aayush,Maharaj,Female,1970-07-20,O+,Single,Technician,Senior Technician,DMLT,Radiology,Full-time,11,\N,9,50875,2017-02-04,Evening,Active,aayush.maharaj467@apollohospital.com,9226865369,Emergency Contact,9455158886,Mother,System,System,2023-01-01,2025-01-01
468,EMP000468,Tamanna,Chakrabarti,Female,1971-08-10,B+,Married,Doctor,Head Consultant,MS,Cardiology,Contract,8,\N,16,156363,2010-08-06,Evening,Active,tamanna.chakrabarti468@apollohospital.com,9721696663,Emergency Contact,9093299819,Sister,System,System,2023-01-01,2025-01-01
469,EMP000469,Bachittar,Buch,Female,1977-06-20,O-,Divorced,Pharmacist,Pharmacist,D.Pharm,Retail Pharmacy,Contract,10,\N,1,39386,2025-04-06,Evening,Active,bachittar.buch469@apollohospital.com,9883275327,Emergency Contact,9352410397,Brother,System,System,2023-01-01,2025-01-01
470,EMP000470,Tejas,Kota,Male,1988-04-26,A-,Divorced,Pharmacist,Pharmacy Manager,B.Pharm,Clinical Pharmacy,Full-time,1,\N,15,72005,2011-03-15,Evening,Active,tejas.kota470@apollohospital.com,9100687616,Emergency Contact,9481980770,Spouse,System,System,2023-01-01,2025-01-01
471,EMP000471,Chasmum,Balan,Female,1978-01-12,O-,Married,Pharmacist,Pharmacy Manager,D.Pharm,Clinical Pharmacy,Contract,1,\N,24,90995,2002-07-23,Evening,Active,chasmum.balan471@apollohospital.com,9912565237,Emergency Contact,9341517734,Spouse,System,System,2023-01-01,2025-01-01
472,EMP000472,Netra,Purohit,Female,1978-06-26,AB+,Divorced,Doctor,Senior Consultant,MS,Cardiology,Full-time,6,\N,15,153236,2011-08-23,Morning,Active,netra.purohit472@apollohospital.com,9284035954,Emergency Contact,9429477422,Mother,System,System,2023-01-01,2025-01-01
473,EMP000473,Chanakya,Sagar,Male,1978-05-21,B-,Divorced,Doctor,Senior Consultant,MS,Orthopedics,Full-time,5,\N,13,141786,2013-04-01,Morning,Active,chanakya.sagar473@apollohospital.com,9458867925,Emergency Contact,9298585672,Sister,System,System,2023-01-01,2025-01-01
474,EMP000474,Gopal,Rege,Female,1973-08-13,A-,Married,Pharmacist,Senior Pharmacist,D.Pharm,Retail Pharmacy,Full-time,1,\N,6,51891,2020-01-22,Morning,Active,gopal.rege474@apollohospital.com,9249135779,Emergency Contact,9083350615,Sister,System,System,2023-01-01,2025-01-01
475,EMP000475,Yagnesh,Sami,Female,2000-09-18,A-,Single,Nurse,Staff Nurse,B.Sc Nursing,NICU,Contract,10,\N,3,42283,2023-12-18,Morning,Active,yagnesh.sami475@apollohospital.com,9342337209,Emergency Contact,9484131284,Father,System,System,2023-01-01,2025-01-01
476,EMP000476,Vamakshi,Mohanty,Male,1992-04-19,O-,Single,Admin,Senior Executive,BBA,Operations,Contract,2,\N,8,45471,2018-10-16,General,Active,vamakshi.mohanty476@apollohospital.com,9371717318,Emergency Contact,9939749096,Father,System,System,2023-01-01,2025-01-01
477,EMP000477,Jasmit,Bansal,Male,1975-11-07,O-,Single,Pharmacist,Pharmacy Manager,B.Pharm,Retail Pharmacy,Full-time,1,\N,25,96926,2001-10-26,Evening,Active,jasmit.bansal477@apollohospital.com,9725878444,Emergency Contact,9835488471,Mother,System,System,2023-01-01,2025-01-01
478,EMP000478,Ria,Sarna,Female,1972-06-17,B+,Single,Pharmacist,Pharmacist,D.Pharm,Retail Pharmacy,Full-time,3,\N,1,44713,2025-08-16,Evening,Active,ria.sarna478@apollohospital.com,9175823133,Emergency Contact,9484587149,Mother,System,System,2023-01-01,2025-01-01
479,EMP000479,Darpan,Lata,Male,1967-06-06,O+,Single,Pharmacist,Senior Pharmacist,D.Pharm,Inventory,Contract,8,\N,10,64427,2016-04-25,Morning,Active,darpan.lata479@apollohospital.com,9587964347,Emergency Contact,9452455574,Brother,System,System,2023-01-01,2025-01-01
480,EMP000480,Kashvi,Kothari,Female,1968-07-01,O+,Married,Nurse,Chief Nursing Officer,M.Sc Nursing,Emergency,Full-time,11,\N,26,91987,2000-07-02,Evening,Active,kashvi.kothari480@apollohospital.com,9403344505,Emergency Contact,9665883398,Brother,System,System,2023-01-01,2025-01-01
481,EMP000481,Urvi,Goyal,Male,1987-02-08,O-,Divorced,Nurse,Senior Nurse,M.Sc Nursing,Ward,Full-time,5,\N,4,47799,2022-03-11,Morning,Active,urvi.goyal481@apollohospital.com,9673499601,Emergency Contact,9054857417,Mother,System,System,2023-01-01,2025-01-01
482,EMP000482,Warinder,Kothari,Male,2000-12-14,B+,Divorced,Nurse,Staff Nurse,B.Sc Nursing,NICU,Full-time,5,\N,3,39638,2023-03-28,Night,Active,warinder.kothari482@apollohospital.com,9173598488,Emergency Contact,9402155732,Spouse,System,System,2023-01-01,2025-01-01
483,EMP000483,Oliver,Bhasin,Male,1974-08-12,AB+,Married,Pharmacist,Senior Pharmacist,M.Pharm,Inventory,Full-time,8,\N,8,62240,2018-06-07,Morning,Active,oliver.bhasin483@apollohospital.com,9216667080,Emergency Contact,9850960858,Brother,System,System,2023-01-01,2025-01-01
484,EMP000484,Balvan,Som,Male,1978-06-21,A-,Divorced,Doctor,Head Consultant,MBBS,Neurology,Contract,1,\N,19,171356,2007-02-24,Morning,Active,balvan.som484@apollohospital.com,9819793164,Emergency Contact,9772512957,Sister,System,System,2023-01-01,2025-01-01
485,EMP000485,Lipika,Sarma,Male,1977-07-19,O+,Single,Nurse,Staff Nurse,GNM,Emergency,Contract,3,\N,1,36640,2025-05-01,Evening,Active,lipika.sarma485@apollohospital.com,9243958739,Emergency Contact,9592323421,Father,System,System,2023-01-01,2025-01-01
486,EMP000486,Zaid,Singhal,Female,1962-03-18,AB-,Married,Doctor,Junior Resident,MD,General Medicine,Full-time,7,\N,3,88652,2023-06-03,Evening,Active,zaid.singhal486@apollohospital.com,9264335027,Emergency Contact,9160736077,Brother,System,System,2023-01-01,2025-01-01
487,EMP000487,Deepa,Memon,Female,1992-07-19,B+,Divorced,Technician,Lab Technician,MMLT,Blood Bank,Full-time,2,\N,4,38196,2022-02-03,Morning,Active,deepa.memon487@apollohospital.com,9317955633,Emergency Contact,9185748170,Father,System,System,2023-01-01,2025-01-01
488,EMP000488,Urvi,Goel,Female,1972-07-13,AB-,Married,Doctor,Head Consultant,MBBS,Radiology,Contract,6,\N,26,209749,2000-02-12,Night,Active,urvi.goel488@apollohospital.com,9431670450,Emergency Contact,9232902822,Brother,System,System,2023-01-01,2025-01-01
489,EMP000489,Manya,Bahri,Male,2003-10-26,AB+,Married,Admin,Executive,M.Com,Finance,Full-time,3,\N,1,31934,2025-04-28,General,Active,manya.bahri489@apollohospital.com,9282251207,Emergency Contact,9346549500,Spouse,System,System,2023-01-01,2025-01-01
490,EMP000490,Omkaar,Arya,Male,2002-01-24,A+,Divorced,Pharmacist,Pharmacist,B.Pharm,Inventory,Full-time,2,\N,2,47318,2024-03-14,Morning,Active,omkaar.arya490@apollohospital.com,9210531611,Emergency Contact,9776872904,Brother,System,System,2023-01-01,2025-01-01
491,EMP000491,Triveni,Kaur,Male,1973-05-05,AB-,Divorced,Pharmacist,Pharmacy Manager,M.Pharm,Inventory,Contract,3,\N,29,101589,1997-06-22,Evening,Active,triveni.kaur491@apollohospital.com,9793238223,Emergency Contact,9116491334,Mother,System,System,2023-01-01,2025-01-01
492,EMP000492,Chatura,Raman,Male,1986-12-15,AB+,Single,Admin,Senior Executive,B.Com,Procurement,Contract,8,\N,11,46570,2015-11-19,General,Active,chatura.raman492@apollohospital.com,9906032020,Emergency Contact,9326509775,Mother,System,System,2023-01-01,2025-01-01
493,EMP000493,Bhavya,Goswami,Female,1971-04-15,O-,Single,Doctor,Senior Consultant,MS,Pulmonology,Contract,6,\N,15,149762,2011-10-09,Morning,Active,bhavya.goswami493@apollohospital.com,9457871584,Emergency Contact,9156082137,Father,System,System,2023-01-01,2025-01-01
494,EMP000494,Rayaan,Shetty,Female,1989-12-10,AB-,Married,Doctor,Senior Consultant,DM,Radiology,Full-time,8,\N,9,121532,2017-03-28,Morning,Active,rayaan.shetty494@apollohospital.com,9826832303,Emergency Contact,9589298808,Spouse,System,System,2023-01-01,2025-01-01
495,EMP000495,Madhavi,Pillay,Male,1970-12-17,B+,Single,Technician,Chief Technician,MMLT,Laboratory,Contract,10,\N,15,62201,2011-03-12,Morning,Active,madhavi.pillay495@apollohospital.com,9289634064,Emergency Contact,9686775240,Father,System,System,2023-01-01,2025-01-01
496,EMP000496,Krishna,Chahal,Male,1987-04-24,A-,Single,Pharmacist,Senior Pharmacist,B.Pharm,Clinical Pharmacy,Full-time,10,\N,10,60177,2016-10-20,Evening,Active,krishna.chahal496@apollohospital.com,9236266933,Emergency Contact,9513426192,Mother,System,System,2023-01-01,2025-01-01
497,EMP000497,Madhavi,Tella,Female,1968-11-09,A-,Divorced,Doctor,Consultant,MS,Neurology,Contract,2,\N,5,103321,2021-06-01,Night,Active,madhavi.tella497@apollohospital.com,9973741897,Emergency Contact,9215406417,Brother,System,System,2023-01-01,2025-01-01
498,EMP000498,Tarak,Patla,Female,1986-12-28,AB+,Single,Doctor,Senior Consultant,MCh,Neurology,Contract,11,\N,12,132725,2014-08-25,Night,Active,tarak.patla498@apollohospital.com,9995376601,Emergency Contact,9444856451,Father,System,System,2023-01-01,2025-01-01
499,EMP000499,Naksh,More,Male,1997-08-08,B-,Divorced,Pharmacist,Senior Pharmacist,B.Pharm,Inventory,Full-time,1,\N,6,52377,2020-10-16,Morning,Active,naksh.more499@apollohospital.com,9789969860,Emergency Contact,9919191135,Sister,System,System,2023-01-01,2025-01-01
500,EMP000500,Yadavi,Mahajan,Female,1978-07-23,AB-,Divorced,Technician,Chief Technician,BMLT,CT Scan,Full-time,2,\N,27,83296,1999-12-02,Morning,Active,yadavi.mahajan500@apollohospital.com,9660392051,Emergency Contact,9460745553,Spouse,System,System,2023-01-01,2025-01-01
